card_name,cardColorList,Text,text_corpus,book,chapter
"Boromir, Warden of the Tower",W,"“Farewell, Aragorn! Go to Minas Tirith and save my people!”",farewell aragorn go to minas tirith and save my people,tt,tt1
Dúnedain Blade,W,The sword glinted in the westering sun.,the sword glinted in the westering sun,rk,rk18
East-Mark Cavalier,W,"“The Rohirrim have long been the friends of the people of Gondor, though they are not akin to them.”
—Aragorn",the rohirrim have long been the friends of the people of gondor though they are not akin to them ,tt,tt2
Errand-Rider of Gondor,W,"“Gondor is in great need. Lord Denethor asks for all your strength and all your speed, lest Gondor fall at last.”",gondor is in great need lord denethor asks for all your strength and all your speed lest gondor fall at last,rk,rk3
Escape from Orthanc,W,"“How far can you bear me?” asked Gandalf.
“Many leagues,” said Gwaihir, “but not to the ends of the earth. I was sent to bear tidings, not burdens.”",how far can you bear me asked gandalf many leagues said gwaihir but not to the ends of the earth i was sent to bear tidings not burdens,fs,fs18
Esquire of the King,W,"“Where now the horse and the rider?
Where is the horn that was blowing?
Where is the helm and the hauberk,
and the bright hair flowing?”
—Lament for the Rohirrim",where now the horse and the rider where is the horn that was blowing where is the helm and the hauberk and the bright hair flowing ,tt,tt6
"Faramir, Field Commander",W,"“A chance for Faramir, Captain of Gondor, to show his quality.”",a chance for faramir captain of gondor to show his quality,tt,tt16
Flowering of the White Tree,W,"Aragorn planted the new tree in the court by the fountain, and swiftly and gladly it began to grow.",aragorn planted the new tree in the court by the fountain and swiftly and gladly it began to grow,rk,rk15
Fog on the Barrow-Downs,W,"“Cold be hand and heart and bone,
and cold be sleep under stone:
never more to wake on stony bed,
never, till the Sun fails and the Moon is dead.”",cold be hand and heart and bone and cold be sleep under stone never more to wake on stony bed never till the sun fails and the moon is dead,fs,fs12
Hobbit's Sting,W,"“One for the Shire!” cried Aragorn. “The Hobbit’s bite is deep! You have a good blade, Frodo son of Drogo!”",one for the shire cried aragorn the hobbit’s bite is deep you have a good blade frodo son of drogo,fs,fs21
Lost to Legend,W,"“In the days of Isildur, the Ruling Ring passed out of all knowledge.”
—Elrond",in the days of isildur the ruling ring passed out of all knowledge ,fs,fs18
"Now for Wrath, Now for Ruin!",W,The Captains of the West came at last to challenge the Black Gate and the might of Mordor.,the captains of the west came at last to challenge the black gate and the might of mordor,tt,rk15
Samwise the Stouthearted,W,"“You’ve hurt my master, you brute, and you’ll pay for it.”",you’ve hurt my master you brute and you’ll pay for it,tt,tt21
Second Breakfast,W,The Hobbits of the Shire were fond of six meals a day—when they could get them.,the hobbits of the shire were fond of six meals a day,fs,fs13
Soldier of the Grey Host,W,"“The Dead awaken; for the hour is come for the oathbreakers.”
—Malbeth the Seer",the dead awaken for the hour is come for the oathbreakers ,rk,rk2
Stalwarts of Osgiliath,W,"“The Enemy must pay dearly for the crossing of the River.”
—Denethor",the enemy must pay dearly for the crossing of the river ,rk,rk4
You Cannot Pass!,W,"It raised the whip, and the thongs whined and cracked. Fire came from its nostrils. But Gandalf stood firm.",it raised the whip and the thongs whined and cracked fire came from its nostrils but gandalf stood firm,fs,fs21
Arwen's Gift,U,“Wear this now in memory of Elfstone and Evenstar with whom your life has been woven!”,wear this now in memory of elfstone and evenstar with whom your life has been woven,rk,rk16
Borne Upon a Wind,U,"“I looked on Aragorn and thought how great and terrible a Lord he might have become, had he taken the Ring for himself. Not for naught does Mordor fear him.”
—Legolas",i looked on aragorn and thought how great and terrible a lord he might have become had he taken the ring for himself not for naught does mordor fear him ,rk,rk9
Captain of Umbar,U,"“There is a great fleet drawing near to the mouths of Anduin, manned by the Corsairs of Umbar in the South. They have long ceased to fear the might of Gondor.”
—Beregond",there is a great fleet drawing near to the mouths of anduin manned by the corsairs of umbar in the south they have long ceased to fear the might of gondor ,rk,rk1
Council's Deliberation,U,"“I will take the Ring to Mordor, though I do not know the way.”
—Frodo",i will take the ring to mordor though i do not know the way ,fs,fs18
Deceive the Messenger,U,"“Tell Gandalf that he must seek my aid at once.”
—Saruman",tell gandalf that he must seek my aid at once ,fs,fs17
Dreadful as the Storm,U,"“I shall not be dark, but beautiful and terrible as the Morning and the Night! All shall love me and despair!”",i shall not be dark but beautiful and terrible as the morning and the night all shall love me and despair,fs,fs23
"Elrond, Lord of Rivendell",U,"“This is the hour of the Shire-folk, when they arise from their quiet fields to shake the towers and counsels of the Great. Who of all the Wise could have foreseen it?”",this is the hour of the shirefolk when they arise from their quiet fields to shake the towers and counsels of the great who of all the wise could have foreseen it,fs,fs18
"Gandalf, Friend of the Shire",U,"“After a hundred years, Hobbits can still surprise you at a pinch.”",after a hundred years hobbits can still surprise you at a pinch,fs,fs6
"Goldberry, River-Daughter",U,“Fear nothing! For tonight you are under the roof of Tom Bombadil.”,fear nothing for tonight you are under the roof of tom bombadil,fs,fs11
Grey Havens Navigator,U,"It was an old tradition that beyond the Shire stood the Grey Havens, from which at times elven-ships set sail, never to return.",it was an old tradition that beyond the shire stood the grey havens from which at times elvenships set sail never to return,fs,fs6
Hithlain Knots,U,"“If you will try to run away you must be tied; but we don’t wish to hurt you.”
—Sam",if you will try to run away you must be tied but we don’t wish to hurt you ,tt,tt12
Horses of the Bruinen,U,"The black horses were filled with madness, and leaping forward in terror they bore their riders into the rushing flood.",the black horses were filled with madness and leaping forward in terror they bore their riders into the rushing flood,fs,fs16
Ioreth of the Healing House,U,“I have been too busy with this and that to heed all the crying and shouting. All I hope is that those murdering devils do not come to this House and trouble the sick.”,i have been too busy with this and that to heed all the crying and shouting all i hope is that those murdering devils do not come to this house and trouble the sick,rk,rk8
Knights of Dol Amroth,U,And so the companies came and were hailed and cheered and passed through the Gate.,and so the companies came and were hailed and cheered and passed through the gate,rk,rk1
Lórien Revealed,U,"“Look on us now with friendly eyes! Behold the trees of the Naith of Lórien and be glad!”
—Haldir",look on us now with friendly eyes behold the trees of the naith of lórien and be glad ,fs,fs22
Lost Isle Calling,U,"“To the Sea, to the Sea!”",to the sea to the sea,rk,rk14
Nimrodel Watcher,U,"“But there are some of us still who go abroad for the gathering of news and the watching of our enemies.”
—Haldir",but there are some of us still who go abroad for the gathering of news and the watching of our enemies ,fs,fs22
Pelargir Survivor,U,“The Corsairs are upon us! Back to the walls! Back to the City before all are overwhelmed!”,the corsairs are upon us back to the walls back to the city before all are overwhelmed,rk,rk6
Rangers of Ithilien,U,“We have a new errand on this journey: to ambush the Men of Harad.”,we have a new errand on this journey to ambush the men of harad,tt,tt15
Saruman's Trickery,U,"“I gave you the chance of aiding me willingly.”
—Saruman",i gave you the chance of aiding me willingly ,fs,fs18
Willow-Wind,U,"The branches of the willow began to sway violently. Frodo called for help, but he could hardly hear his own voice: it was blown away from him by the willow-wind and drowned in a clamor of leaves.",the branches of the willow began to sway violently frodo called for help but he could hardly hear his own voice it was blown away from him by the willowwind and drowned in a clamor of leaves,fs,fs10
Bitter Downfall,B,"“I tried to take the Ring from Frodo. I am sorry. I have paid.”
—Boromir",i tried to take the ring from frodo i am sorry i have paid ,tt,tt1
The Black Breath,B,"“When the black breath blows, death’s shadow grows.”
—A rhyme of old days",when the black breath blows death’s shadow grows ,rk,rk8
Call of the Ring,B,“The Ring is mine!”,the ring is mine,rk,rk13
Cirith Ungol Patrol,B,"“Spies feared on Stairs. Double vigilance. Patrol to head of Stairs.”
—Shagrat’s orders",spies feared on stairs double vigilance patrol to head of stairs ,tt,tt21
Claim the Precious,B,"“I think it is a sad story, and it might have happened to others, even to some Hobbits that I have known.”
—Gandalf",i think it is a sad story and it might have happened to others even to some hobbits that i have known ,fs,fs6
Easterling Vanguard,B,"An army of Easterlings charged forth, while from the hills poured Orcs innumerable.",an army of easterlings charged forth while from the hills poured orcs innumerable,rk,rk10
"Gollum, Patient Plotter",B,"“They’ll take it, steal my Precious. Thieves. We hates them.”",they’ll take it steal my precious thieves we hates them,tt,tt17
Gollum's Bite,B,"“It was Pity that stayed Bilbo’s hand. Do not be too eager to deal out death in judgment; Gollum has some part to play yet, before the end.”
—Gandalf, to Frodo",it was pity that stayed bilbo’s hand do not be too eager to deal out death in judgment gollum has some part to play yet before the end ,fs,tt12
Gríma Wormtongue,B,"“Do not weary yourself, or tax too heavily your strength. Let others deal with these irksome guests.”",do not weary yourself or tax too heavily your strength let others deal with these irksome guests,tt,tt6
Haunt of the Dead Marshes,B,"“You should not look in when the candles are lit.”
—Gollum",you should not look in when the candles are lit ,tt,tt13
Isildur's Fateful Strike,B,"Isildur cut the Ring from Sauron’s hand with the hilt-shard of his father’s sword, and Sauron himself was overthrown.",isildur cut the ring from sauron’s hand with the hiltshard of his father’s sword and sauron himself was overthrown,fs,fs18
March from the Black Gate,B,"Like a storm, they broke upon the line of the Men of Gondor.",like a storm they broke upon the line of the men of gondor,rk,rk10
Mirkwood Bats,B,"“The enemy has many spies and many ways of hearing.”
—Gandalf",the enemy has many spies and many ways of hearing ,fs,fs6
Nasty End,B,"“And that’s the end of that. A nasty end for Saruman, and I wish I needn’t have seen it; but it’s a good riddance.”
—Sam",and that’s the end of that a nasty end for saruman and i wish i needn’t have seen it but it’s a good riddance ,tt,rk18
Shadow of the Enemy,B,"As Frodo put on the Ring, Sauron was suddenly aware of the magnitude of his own folly. His wrath blazed in consuming flame, but his fear rose like black smoke.",as frodo put on the ring sauron was suddenly aware of the magnitude of his own folly his wrath blazed in consuming flame but his fear rose like black smoke,rk,rk13
Snarling Warg,B,"A shuddering howl broke from him, as if he were a captain summoning his pack to the assault.",a shuddering howl broke from him as if he were a captain summoning his pack to the assault,fs,fs20
Troll of Khazad-dûm,B,"“A great cave-troll, I think. There is no hope of escape that way.”
—Gandalf",a great cavetroll i think there is no hope of escape that way ,fs,fs21
Breaking of the Fellowship,R,“It might have been mine. It should be mine. Give it to me!”,it might have been mine it should be mine give it to me,fs,fs26
"Éomer, Marshal of Rohan",R,"“Need brooks no delay, yet late is better than never.”",need brooks no delay yet late is better than never,rk,rk5
Éomer of the Riddermark,R,But northward the white crest of Éomer led the great front of the Rohirrim which he had again gathered and marshaled.,but northward the white crest of éomer led the great front of the rohirrim which he had again gathered and marshaled,rk,rk6
"Erkenbrand, Lord of Westfold",R,"Down from the hills leaped Erkenbrand, lord of Westfold, and the hosts of Isengard roared in fear.",down from the hills leaped erkenbrand lord of westfold and the hosts of isengard roared in fear,fs,tt7
"Fear, Fire, Foes!",R,"“Open, in the name of Mordor!”",open in the name of mordor,fs,fs15
Fire of Orthanc,R,The barricade was scattered as if by a thunderbolt.,the barricade was scattered as if by a thunderbolt,tt,tt7
Haradrim Spearmaster,R,"“In the South the Haradrim are moving, and fear has fallen on all our coastlands.”
—Hirgon, errand-rider of Gondor",in the south the haradrim are moving and fear has fallen on all our coastlands ,fs,rk3
Moria Marauder,R,"There was a rush of hoarse laughter, like the fall of sliding stones into a pit; amid the clamor a deep voice was raised in command.",there was a rush of hoarse laughter like the fall of sliding stones into a pit amid the clamor a deep voice was raised in command,fs,fs21
Olog-hai Crusher,R,"Trolls were abroad, no longer dull-witted, but cunning and armed with dreadful weapons.",trolls were abroad no longer dullwitted but cunning and armed with dreadful weapons,fs,fs6
Quarrel's End,R,"“It is a joy to us to see you return into your own.”
—Éomer",it is a joy to us to see you return into your own ,tt,tt6
Rally at the Hornburg,R,"With a cry and a great noise they charged. Down from the gates they roared, over the causeway they swept, and they drove through the hosts of Isengard as a wind among grass.",with a cry and a great noise they charged down from the gates they roared over the causeway they swept and they drove through the hosts of isengard as a wind among grass,tt,tt7
Ranger's Firebrand,R,"“Keep close to the fire, with your faces outward! Get some of the longer sticks ready in your hands!”
—Strider",keep close to the fire with your faces outward get some of the longer sticks ready in your hands ,fs,fs15
Rising of the Day,R,Over the low hills the horns were sounding. Hastening down the long slopes were a thousand men on foot; their swords were in their hands.,over the low hills the horns were sounding hastening down the long slopes were a thousand men on foot their swords were in their hands,tt,tt7
Rohirrim Lancer,R,"“Dire deeds awake, dark is it eastward. Let horse be bridled, horn be sounded!”
—Théoden",dire deeds awake dark is it eastward let horse be bridled horn be sounded ,tt,tt6
Rush the Room,R,"There was a horn-blast and a rush of feet, and Orcs one after another leaped into the chamber.",there was a hornblast and a rush of feet and orcs one after another leaped into the chamber,fs,fs21
Smite the Deathless,R,“No living man am I!”,no living man am i,rk,rk6
Spiteful Banditry,R,"“One ill turn deserves another.”
—Saruman",one ill turn deserves another ,rk,rk18
Bombadil's Song,G,"“Hey dol! merry dol! ring a dong dillo!
Ring a dong! hop along! fal lal the willow!
Tom Bom, jolly Tom, Tom Bombadillo!”",hey dol merry dol ring a dong dillo ring a dong hop along fal lal the willow tom bom jolly tom tom bombadillo,fs,fs10
Brandywine Farmer,G,"“Your land must be a realm of peace and content, and there must gardeners be in high honor.”
—Faramir",your land must be a realm of peace and content and there must gardeners be in high honor ,tt,tt16
Celeborn the Wise,G,"His eyes were keen as lances in starlight, and yet profound, the wells of deep memory.",his eyes were keen as lances in starlight and yet profound the wells of deep memory,rk,fs23
Delighted Halfling,G,"There were toys the Hobbit-children had never seen before, all beautiful, and some obviously magical.",there were toys the hobbitchildren had never seen before all beautiful and some obviously magical,fs,fs5
Dúnedain Rangers,G,“Aragorn has need of his kindred. Let the Dúnedain go to him in Rohan!”,aragorn has need of his kindred let the dúnedain go to him in rohan,rk,rk2
Elven Chorus,G,"“A Elbereth Gilthoniel, silivren penna míriel o menel aglar elenath!”",a elbereth gilthoniel silivren penna míriel o menel aglar elenath,fs,fs17
Elven Farsight,G,"“Few can foresee whither their road will lead them, till they come to its end.”
—Legolas",few can foresee whither their road will lead them till they come to its end ,tt,tt5
Entish Restoration,G,“Welcome to the Treegarth of Orthanc!”,welcome to the treegarth of orthanc,rk,rk16
Ent's Fury,G,"“I came and called the trees by their long names, but they did not hear or answer—they lay dead.”
—Quickbeam",i came and called the trees by their long names but they did not hear or answer ,tt,tt4
Galadhrim Guide,G,"“I shall lead you well, and the paths are smooth and straight.”",i shall lead you well and the paths are smooth and straight,fs,fs22
Gift of Strands,G,"“None have ever made to me a request so bold and yet so courteous.”
—Galadriel",none have ever made to me a request so bold and yet so courteous ,fs,fs24
Last March of the Ents,G,"“To Isengard with doom we come!
With doom we come, with doom we come!”",to isengard with doom we come with doom we come with doom we come,tt,tt4
Lothlórien Lookout,G,"“That was the custom of the Elves of Lórien, to dwell in the trees. Therefore they were called Galadhrim, the Tree-people.”
—Legolas",that was the custom of the elves of lórien to dwell in the trees therefore they were called galadhrim the treepeople ,fs,fs22
Many Partings,G,"“For you in all the lands of the West there will ever be a welcome, dearest friend.”
—Aragorn",for you in all the lands of the west there will ever be a welcome dearest friend ,rk,rk16
Meriadoc Brandybuck,G,"“My dear old Hobbit, you don’t allow for the inquisitiveness of friends. I have known about the existence of the Ring for years.”",my dear old hobbit you don’t allow for the inquisitiveness of friends i have known about the existence of the ring for years,fs,fs9
Mirrormere Guardian,G,"“But still the sunken stars appear
In dark and windless Mirrormere;
There lies his crown in water deep,
Till Durin wakes again from sleep.”
—Gimli’s song",but still the sunken stars appear in dark and windless mirrormere there lies his crown in water deep till durin wakes again from sleep ,fs,fs20
Pippin's Bravery,G,"Pippin stabbed upwards, and the written blade of Westernesse pierced through the hide and went deep into the vitals of the troll.",pippin stabbed upwards and the written blade of westernesse pierced through the hide and went deep into the vitals of the troll,rk,rk10
"Quickbeam, Upstart Ent",G,"“It is only a nickname, of course. They have called me that ever since I said yes to an elder Ent before he had finished his question.”",it is only a nickname of course they have called me that ever since i said yes to an elder ent before he had finished his question,tt,tt4
Revive the Shire,G,"In the Party Field, a beautiful young sapling leaped up: it was indeed a mallorn, and it was the wonder of the neighborhood.",in the party field a beautiful young sapling leaped up it was indeed a mallorn and it was the wonder of the neighborhood,rk,rk19
Shower of Arrows,G,"“I wish there were more of your kin among us, Gimli. But even more would I give for a hundred good archers of Mirkwood. We shall need them.”
—Legolas",i wish there were more of your kin among us gimli but even more would i give for a hundred good archers of mirkwood we shall need them ,tt,tt7
Wose Pathfinder,G,"“Road is forgotten, but not by Wild Folk. Over hill and behind hill it lies still under grass and tree. Wild Folk will show you that road.”",road is forgotten but not by wild folk over hill and behind hill it lies still under grass and tree wild folk will show you that road,rk,rk5
Arwen Undómiel,M,"She was called Undómiel, for she was the Evenstar of her people.",she was called undómiel for she was the evenstar of her people,fs,fs17
"Denethor, Ruling Steward",M,“Much must be risked in war.”,much must be risked in war,rk,rk4
Doors of Durin,M,"“Speak, friend, and enter.”",speak friend and enter,fs,fs20
"Éowyn, Fearless Knight",M,“Am I not of the House of Eorl? I have waited on faltering feet long enough.”,am i not of the house of eorl i have waited on faltering feet long enough,rk,rk2
"Faramir, Prince of Ithilien",M,"The City was made more fair than it had ever been, even in the days of its first glory.",the city was made more fair than it had ever been even in the days of its first glory,rk,rk15
Flame of Anor,M,"There was a ringing clash and a stab of white fire, and the Balrog fell back.",there was a ringing clash and a stab of white fire and the balrog fell back,fs,fs21
Friendly Rivalry,M,"“Forty-two, Master Legolas!”
—Gimli",fortytwo master legolas ,tt,tt8
Frodo Baggins,M,"“Few have ever come hither through greater peril or on an errand more urgent.”
—Elrond",few have ever come hither through greater peril or on an errand more urgent ,fs,fs18
Gandalf's Sanction,M,"There was a crack, and the staff split asunder in Saruman’s hand, and the head of it fell down at Gandalf’s feet.",there was a crack and the staff split asunder in saruman’s hand and the head of it fell down at gandalf’s feet,tt,tt10
Gwaihir the Windlord,M,"There came Gwaihir the Windlord, greatest of all the Eagles of the North, mightiest of the descendants of old Thorondor.",there came gwaihir the windlord greatest of all the eagles of the north mightiest of the descendants of old thorondor,rk,rk14
"Mauhúr, Uruk-hai Captain",M,"“We are the servants of Saruman the Wise, the White Hand: the Hand that gives us Man’s-flesh to eat.”",we are the servants of saruman the wise the white hand the hand that gives us man’sflesh to eat,tt,tt3
"Merry, Esquire of Rohan",M,"Then suddenly Merry felt it at last, beyond doubt: a change. Wind was in his face!",then suddenly merry felt it at last beyond doubt a change wind was in his face,rk,rk5
"Pippin, Guard of the Citadel",M,"“Here do I swear fealty to Gondor, until my lord release me, or death take me.”",here do i swear fealty to gondor until my lord release me or death take me,rk,rk1
Prince Imrahil the Fair,M,"“The Lord Aragorn I hold to be my liege lord, whether he claim it or no. His wish is to me a command.”",the lord aragorn i hold to be my liege lord whether he claim it or no his wish is to me a command,rk,rk9
Ringsight,M,Frodo was able to see beneath their black wrappings. In their white faces burned keen and merciless eyes.,frodo was able to see beneath their black wrappings in their white faces burned keen and merciless eyes,fs,fs15
Rise of the Witch-king,M,"In rode the Lord of the Nazgûl, under the archway that no enemy ever yet had passed, and all fled before his face.",in rode the lord of the nazgûl under the archway that no enemy ever yet had passed and all fled before his face,rk,rk4
Sauron's Ransom,M,"“He was dear to you, I see. And now he shall endure the slow torment of years.”",he was dear to you i see and now he shall endure the slow torment of years,rk,rk10
Shadow Summoning,M,"“Whose shall the horn be? Who shall call them from the grey twilight, the forgotten people? The heir of him to whom the oath they swore.”
—Malbeth the Seer",whose shall the horn be who shall call them from the grey twilight the forgotten people the heir of him to whom the oath they swore ,rk,rk2
"Strider, Ranger of the North",M,The greatest traveler and huntsman of this age of the world.,the greatest traveler and huntsman of this age of the world,fs,fs6
"Théoden, King of Rohan",M,"“Dark have been my dreams of late, but I feel new-awakened. I only fear that already you have come too late, Gandalf.”",dark have been my dreams of late but i feel newawakened i only fear that already you have come too late gandalf,tt,tt6
Ent-Draught Basin,C,"The effect of the draught began at the toes, and rose steadily through every limb, bringing refreshment and vigor as it coursed upward, right to the tips of the hair.",the effect of the draught began at the toes and rose steadily through every limb bringing refreshment and vigor as it coursed upward right to the tips of the hair,tt,tt4
Inherited Envelope,C,"“Keep it secret, and keep it safe!”
—Gandalf",keep it secret and keep it safe ,fs,fs5
Lembas,C,They could eat of it and find new strength even as they ran.,they could eat of it and find new strength even as they ran,tt,tt2
Mirror of Galadriel,C,"“Your Quest stands upon the edge of a knife. Stray but a little and it will fail, to the ruin of all. Yet hope remains while all the Company is true.”",your quest stands upon the edge of a knife stray but a little and it will fail to the ruin of all yet hope remains while all the company is true,fs,fs23
Phial of Galadriel,C,"“May it be a light to you in dark places, when all other lights go out.”",may it be a light to you in dark places when all other lights go out,fs,fs24
Shire Scarecrow,C,"“How bright your garden looks!”
—Gandalf",how bright your garden looks ,fs,fs5
Stone of Erech,C,"“At the Stone of Erech they shall stand again and hear there a horn in the hills ringing.”
—Malbeth the Seer",at the stone of erech they shall stand again and hear there a horn in the hills ringing ,rk,rk2
Barad-dûr,C,"“Those who pass the gates of Barad-dûr do not return.”
—Gandalf",those who pass the gates of baraddûr do not return ,fs,fs20
Great Hall of the Citadel,C,"“Renewed shall be blade that was broken: The crownless again shall be king.”
—Bilbo",renewed shall be blade that was broken the crownless again shall be king ,fs,fs18
Minas Tirith,C,"“I would see the White Tree in flower again in the courts of the kings, and Minas Tirith in peace.”
—Faramir",i would see the white tree in flower again in the courts of the kings and minas tirith in peace ,tt,tt16
Mines of Moria,C,"“Moria! Moria! Wonder of the Northern world!”
—Glóin",moria moria wonder of the northern world ,fs,fs18
Rivendell,C,"“Were I to go where my heart dwells, I would now be wandering in the fair valley of Rivendell.”
—Aragorn",were i to go where my heart dwells i would now be wandering in the fair valley of rivendell ,rk,rk2
The Shire,C,"“You must start somewhere and have some roots, and the soil of the Shire is deep.”
—Merry",you must start somewhere and have some roots and the soil of the shire is deep ,rk,rk8
Shire Terrace,C,"Everything looked fresh, and the new green of Spring was shimmering in the fields.",everything looked fresh and the new green of spring was shimmering in the fields,fs,fs6
Elvish Mariner,U,"In the days of the Kings, most of the High Elves dwelt with Círdan or in the seaward lands of Lindon.",in the days of the kings most of the high elves dwelt with círdan or in the seaward lands of lindon,,
"Aragorn and Arwen, Wed",M,"Aragorn the King Elessar wedded Arwen Undómiel, and the tale of their long waiting and labors came to fulfillment.",aragorn the king elessar wedded arwen undómiel and the tale of their long waiting and labors came to fulfillment,rk,rk15
"Frodo, Determined Hero",W,Frodo’s heart flamed within him. He drew his sword and advanced.,frodo’s heart flamed within him he drew his sword and advanced,tt,tt20
"Gandalf, White Rider",W,"He has passed through the fire and the abyss, and the enemy shall fear him.",he has passed through the fire and the abyss and the enemy shall fear him,tt,tt5
Knight of the Keep,W,"Now the cries of clear strong voices came ringing over the fields. They rode in: a long line of mail-clad Men, swift, shining, fell and fair to look upon. Suddenly they swept up with a noise like thunder, and the foremost horseman swerved.",now the cries of clear strong voices came ringing over the fields they rode in a long line of mailclad men swift shining fell and fair to look upon suddenly they swept up with a noise like thunder and the foremost horseman swerved,tt,tt2
"Witch-king, Bringer of Ruin",B,“No living man may hinder me!”,no living man may hinder me,rk,rk6
Goblin Assailant,R,"The fighting waxed furious on the fields of the Pelennor; and the din of arms rose upon high, with the crying of Men and the neighing of horses. But the hosts of Mordor were enheartened, and filled with a new fury they came yelling to the onset.",the fighting waxed furious on the fields of the pelennor and the din of arms rose upon high with the crying of men and the neighing of horses but the hosts of mordor were enheartened and filled with a new fury they came yelling to the onset,rk,rk6
"The Balrog, Flame of Udûn",M,"An evil of the Ancient World, both a shadow and a flame.",an evil of the ancient world both a shadow and a flame,fs,fs23
Trailblazer's Boots,C,"“Not idly do the leaves of Lórien fall.”
—Aragorn",not idly do the leaves of lórien fall ,tt,tt2
Banish from Edoras,W,Wormtongue bared his teeth; and then with a hissing breath he spat before the king’s feet.,wormtongue bared his teeth and then with a hissing breath he spat before the king’s feet,tt,tt6
The Battle of Bywater,W,The Tooks marched in with Pippin at their head. Merry now had enough sturdy Hobbitry to deal with the ruffians.,the tooks marched in with pippin at their head merry now had enough sturdy hobbitry to deal with the ruffians,rk,rk18
"Landroval, Horizon Witness",W,"He passed over Udûn and Gorgoroth and saw all the land in ruin and tumult beneath him, and before him Mount Doom blazing, pouring out its fire.",he passed over udûn and gorgoroth and saw all the land in ruin and tumult beneath him and before him mount doom blazing pouring out its fire,rk,rk14
Nimble Hobbit,W,"The ruffian knew too little of Hobbits to understand his peril. Foolishly, he decided to fight.",the ruffian knew too little of hobbits to understand his peril foolishly he decided to fight,rk,rk18
Protector of Gondor,W,"Orcs were digging deep trenches in a huge ring, just out of bowshot of the walls, while the Men of Minas Tirith looked on, unable to hinder them.",orcs were digging deep trenches in a huge ring just out of bowshot of the walls while the men of minas tirith looked on unable to hinder them,,rk4
Reprieve,W,"As Faramir and Éowyn stood so, their hands met and clasped, though they did not know it.",as faramir and éowyn stood so their hands met and clasped though they did not know it,rk,rk15
Shire Shirriff,W,"“You’re arrested for Gate-breaking, and Tearing up of Rules, and Trespassing, and Bribing Guards with Food.”",you’re arrested for gatebreaking and tearing up of rules and trespassing and bribing guards with food,rk,rk18
Slip On the Ring,W,How had it come to be on his finger? He wondered if the Ring itself had not played him a trick.,how had it come to be on his finger he wondered if the ring itself had not played him a trick,fs,fs13
Took Reaper,W,"The Tooks came, a hundred strong, from Tuckborough and the Green Hills.",the tooks came a hundred strong from tuckborough and the green hills,rk,rk18
Westfold Rider,W,"“The Orcs were greater in number than we counted on. Great Orcs, who also bore the White Hand of Isengard.”
—Éomer",the orcs were greater in number than we counted on great orcs who also bore the white hand of isengard ,,tt2
Birthday Escape,U,"As Bilbo finished his speech, he slipped the ring on his finger, and he was never seen by any Hobbit in Hobbiton again.",as bilbo finished his speech he slipped the ring on his finger and he was never seen by any hobbit in hobbiton again,fs,fs5
Glorious Gale,U,"The Elves of Lórien took Dol Guldur. Galadriel threw down its walls and laid bare its pits, and the forest was cleansed.",the elves of lórien took dol guldur galadriel threw down its walls and laid bare its pits and the forest was cleansed,,
Isolation at Orthanc,U,"“They took me and set me on the pinnacle of Orthanc. I stood alone on an island in the clouds; I had no chance of escape, and my days were bitter and cold.”
—Gandalf",they took me and set me on the pinnacle of orthanc i stood alone on an island in the clouds i had no chance of escape and my days were bitter and cold ,,fs18
Ithilien Kingfisher,U,"After their reunion, the Hobbits spent many days in Ithilien. The stream that flowed from the falls of Henneth Annûn could be heard in the night as it rushed down through its rocky gate.",after their reunion the hobbits spent many days in ithilien the stream that flowed from the falls of henneth annûn could be heard in the night as it rushed down through its rocky gate,rk,rk14
"Meneldor, Swift Savior",U,"“Then come! We have need of speed greater than any wind, outmatching the wings of the Nazgûl.”
—Gandalf",then come we have need of speed greater than any wind outmatching the wings of the nazgûl ,,rk14
Press the Enemy,U,“I showed the blade reforged to him. He is not so mighty yet that he is above fear.”,i showed the blade reforged to him he is not so mighty yet that he is above fear,rk,rk2
Saruman the White,U,“Sauron’s victory is at hand; and there will be rich reward for those who aided it.”,sauron’s victory is at hand and there will be rich reward for those who aided it,,fs18
Soothing of Sméagol,U,"Frodo’s heart sank. This was too much like trickery, and certainly what he did would seem a treachery to the poor treacherous creature.",frodo’s heart sank this was too much like trickery and certainly what he did would seem a treachery to the poor treacherous creature,tt,tt17
Stern Scolding,U,"“Fool of a Took! This is a serious journey, not a Hobbit walking-party. Throw yourself in next time, and then you will be no further nuisance. Now be quiet!”",fool of a took this is a serious journey not a hobbit walkingparty throw yourself in next time and then you will be no further nuisance now be quiet,fs,fs20
Storm of Saruman,U,"Isengard had once been filled with fruitful trees, but no green thing grew there in the latter days of Saruman.",isengard had once been filled with fruitful trees but no green thing grew there in the latter days of saruman,tt,tt8
Dunland Crebain,B,"“What’s that, Strider? It don’t look like a cloud.”
—Sam",what’s that strider it don’t look like a cloud ,fs,fs19
Lash of the Balrog,B,"Even as the Balrog fell, it swung its whip, and the thongs lashed and curled about Gandalf’s knees, dragging him to the brink of the abyss. “Fly, you fools!” he cried, and was gone.",even as the balrog fell it swung its whip and the thongs lashed and curled about gandalf’s knees dragging him to the brink of the abyss fly you fools he cried and was gone,fs,fs21
Mordor Muster,B,"“Orcs, thousands of Orcses. Nice Hobbits mustn’t go to those places.”
—Gollum",orcs thousands of orcses nice hobbits mustn’t go to those places ,,tt12
Morgul-Knife Wound,B,Frodo felt a pain like a dart of poisoned ice pierce his left shoulder.,frodo felt a pain like a dart of poisoned ice pierce his left shoulder,fs,fs15
Sam's Desperate Rescue,B,"“By all the signs, there’s a large warrior loose, with an Elf-sword, and an axe as well maybe.” Gorbag spat. Sam smiled grimly at this description of himself.",by all the signs there’s a large warrior loose with an elfsword and an axe as well maybe gorbag spat sam smiled grimly at this description of himself,tt,tt21
Shelob's Ambush,B,"As Frodo ran forward, eager, rejoicing to be free, Shelob with hideous speed came behind and stung him in the neck.",as frodo ran forward eager rejoicing to be free shelob with hideous speed came behind and stung him in the neck,tt,tt21
The Torment of Gollum,B,"In Mordor, all that he knew was forced from him.",in mordor all that he knew was forced from him,fs,fs18
Uruk-hai Berserker,B,"“What of the dawn? We are the Uruk-hai; we do not stop the fight for night or day, for fair weather or for storm. We come to kill, by sun or moon. What of the dawn?”",what of the dawn we are the urukhai we do not stop the fight for night or day for fair weather or for storm we come to kill by sun or moon what of the dawn,tt,tt7
Battle-Scarred Goblin,R,"“An Orc shot Balin from behind a stone. We slew the Orc, but many more came.”
—Book of Mazarbul",an orc shot balin from behind a stone we slew the orc but many more came ,,tt7
Cast into the Fire,R,"“But for Gollum, I could not have destroyed the Ring. So let us forgive him! For the Quest is achieved, and now all is over.”
—Frodo",but for gollum i could not have destroyed the ring so let us forgive him for the quest is achieved and now all is over ,rk,rk13
Display of Power,R,"“The Nazgûl closed round at night, and I was besieged. Such light and flame cannot have been seen on Weathertop since the war-beacons of old.”
—Gandalf",the nazgûl closed round at night and i was besieged such light and flame cannot have been seen on weathertop since the warbeacons of old ,fs,fs18
Erebor Flamesmith,R,"“We make good armor and keen swords, but we cannot again make mail or blade to match those that our fathers made before the dragon came.”
—Glóin",we make good armor and keen swords but we cannot again make mail or blade to match those that our fathers made before the dragon came ,fs,fs17
Fiery Inscription,R,"Ash nazg durbatulûk, ash nazg gimbatul, ash nazg thrakatulûk agh burzum-ishi krimpatul.",ash nazg durbatulûk ash nazg gimbatul ash nazg thrakatulûk agh burzumishi krimpatul,fs,fs18
"Gimli, Counter of Kills",R,“Twenty-one!” cried Gimli. He hewed a two- handed stroke and laid the last Orc before his feet. “Now my count passes Master Legolas.”,twentyone cried gimli he hewed a two handed stroke and laid the last orc before his feet now my count passes master legolas,tt,tt7
Gimli's Fury,R,"“Two!” said Gimli, patting his axe.",two said gimli patting his axe,tt,tt7
Goblin Fireleaper,R,"“Let us hope that fire now lies between us and pursuit. Come! There is no time to lose.”
—Gandalf",let us hope that fire now lies between us and pursuit come there is no time to lose ,fs,fs21
Improvised Club,R,"“‘For a couple o’ pins,‘ says Troll, and grins, 'I’ll eat thee too and gnaw thy shins.’”
—Sam",‘for a couple o’ pins‘ says troll and grins i’ll eat thee too and gnaw thy shins’ ,,fs16
Relentless Rohirrim,R,"“The Orcs are in the Deep! Helm! Helm! Forth Helmingas!”
—Gamling the Old",the orcs are in the deep helm helm forth helmingas ,,tt7
Warbeast of Gorgoroth,R,"Drums rolled, fires leaped, and great engines drawn by beasts crawled across the field.",drums rolled fires leaped and great engines drawn by beasts crawled across the field,rk,rk4
Bag End Porter,G,"“Dwarves’ tongues run on when speaking of their handiwork, they say.”
—Glóin",dwarves’ tongues run on when speaking of their handiwork they say ,fs,fs17
Chance-Met Elves,G,"“It is said, ‘Go not to the Elves for counsel, for they will say both no and yes.’”
—Frodo",it is said ‘go not to the elves for counsel for they will say both no and yes’ ,,fs7
Enraged Huorn,G,"“They stand watching endlessly over the trees. It is difficult to see them moving, but they can move very quickly if they are angry.”
—Merry",they stand watching endlessly over the trees it is difficult to see them moving but they can move very quickly if they are angry ,tt,tt9
"Fangorn, Tree Shepherd",G,"“I am an Ent. Fangorn is my name according to some, Treebeard others make it.”",i am an ent fangorn is my name according to some treebeard others make it,tt,tt4
"Glorfindel, Dauntless Rescuer",G,"On the Elf-lord’s brow sat wisdom, and in his hand was strength.",on the elflord’s brow sat wisdom and in his hand was strength,fs,fs17
Mirkwood Spider,G,"Far and wide Shelob’s lesser broods spread from glen to glen, to Dol Guldur and the fastnesses of Mirkwood.",far and wide shelob’s lesser broods spread from glen to glen to dol guldur and the fastnesses of mirkwood,tt,tt20
Mushroom Watchdogs,G,"“They won’t harm you—not unless I tell ‘em to. Here, Grip! Fang! Heel!”
—Farmer Maggot",they won’t harm you ,,fs8
Peregrin Took,G,“Sam! Get breakfast ready for half-past nine!”,sam get breakfast ready for halfpast nine,fs,fs7
Stew the Coneys,G,"“Stew the rabbits?” squealed Gollum in dismay. “Spoil beautiful meat Sméagol saved saved for you, poor hungry Sméagol! What for?”",stew the rabbits squealed gollum in dismay spoil beautiful meat sméagol saved saved for you poor hungry sméagol what for,,tt15
"Bilbo, Retired Burglar",M,“I don’t know half of you half as well as I should like; and I like less than half of you half as well as you deserve.”,i don’t know half of you half as well as i should like and i like less than half of you half as well as you deserve,fs,fs5
"Butterbur, Bree Innkeeper",M,"“I hope you’ll be comfortable. You’ll be wanting supper, I don’t doubt. As soon as may be. This way now!”",i hope you’ll be comfortable you’ll be wanting supper i don’t doubt as soon as may be this way now,fs,fs13
Galadriel of Lothlórien,M,"“I pass the test. I will diminish, and go into the West, and remain Galadriel.”",i pass the test i will diminish and go into the west and remain galadriel,fs,fs23
"Legolas, Counter of Kills",M,“Two?” said Legolas. “I make my tale twenty at the least.”,two said legolas i make my tale twenty at the least,tt,tt7
"Lotho, Corrupt Shirriff",M,"“Whatever is wrong in the Shire, Lotho will be at the bottom of it: you can be sure of that.”
—Pippin",whatever is wrong in the shire lotho will be at the bottom of it you can be sure of that ,rk,rk17
Uglúk of the White Hand,M,“I am Uglúk. I command. I return to Isengard by the shortest road.”,i am uglúk i command i return to isengard by the shortest road,tt,tt3
Horn of the Mark,C,"“He that blows this horn shall set fear in the hearts of his enemies and joy in the hearts of his friends.”
—Éowyn",he that blows this horn shall set fear in the hearts of his enemies and joy in the hearts of his friends ,rk,rk16
The Grey Havens,C,"There dwelt Círdan the Shipwright, and some say he dwells there still, until the Last Ship sets sail into the West.",there dwelt círdan the shipwright and some say he dwells there still until the last ship sets sail into the west,,rk19
Elanor Gardner,G,Her father Samwise gave her the Red Book for safekeeping before he sailed into the West.,her father samwise gave her the red book for safekeeping before he sailed into the west,,rk19
"Sauron, the Lidless Eye",M,There is an Eye in the Dark Tower that does not sleep.,there is an eye in the dark tower that does not sleep,,fs26
,,,,,
