key_lotr,key_ft,card_name,text_clean,text_combined,book,chapter,row,tier
83,73,Swords to Plowshares,"Anything that Hobbits had no immediate use for, but were unwilling to throw away, they called a mathom. Their dwellings were apt to become rather crowded with mathoms."," the mathom-house it was called; for anything that hobbits had no immediate use for, but were unwilling to throw away, they called a mathom.",fs,1,237,all
98,22,Prize Pig,The habit of building farmhouses and barns began among the inhabitants of the Marish down by the Brandywine., the habit of building farmhouses and barns was said to have begun among the inhabitants of the marish down by the brandywine.,fs,1,278,all
109,172,Command Tower,The Hobbits of the Westfarthing said that one could see the Sea from the top of that tower; but no Hobbit had ever been known to climb it., the hobbits of the westfarthing said that one could see the sea from the lop of that tower; but no hobbit had ever been known to climb it.,fs,1,297,all
119,197,Sandsteppe Citadel,"The houses and the holes of Shire-Hobbits were often large, and inhabited by large families. Sometimes many generations of relatives lived in comparative peace together in one ancestral and many-tunneled mansion."," the houses and the holes of shire-hobbits were often large, and inhabited by large families.",fs,1,321,all
292,48,Horizon Canopy,"It was popularly believed, as local legend, that the Hill at Bag End was full of tunnels stuffed with treasure."," the riches he had brought back from his travels had now become a local legend, and it was popularly believed, whatever the old folk might say, that the hill at bag end was full of tunnels stuffed with treasure.",fs,5,17,all
323,5,The Gaffer,"On the growing of vegetables, especially potatoes, Master Hamfast Gamgee was recognized as the leading authority by all in the neighborhood."," with perfect truth: for bilbo was very polite to him, calling himmaster hamfast, and consulting him constantly upon the growing of vegetables - in the matter ofroots, especially potatoes, the gaffer was recognized as the leading authority by all in the neighbourhood (including himself).",fs,5,79,all
419,151,Chromatic Lantern,"Gandalf’s fame in the Shire was due mainly to his skill with fires, smokes, and lights."," that was gandalf s mark, of course, and the old man was gandalf the wizard, whose fame in the shire was due mainly to his skill with fires, smokes, and lights.",fs,5,221,all
435,205,Sunpetal Grove,"The flowers glowed red and golden: snapdragons and sunflowers, and nasturtians trailing all over the turf walls and peeping in at the round windows."," the flowers glowed red and golden: snap-dragons and sun-flowers, and nasturtiums trailing all over the turf walls and peeping in at the round windows.",fs,5,246,all
679,196,Rogue's Passage,"I’m leaving; for somewhere where I can finish my book, perhaps. I have thought of a nice ending for it: ‘And he lived happily ever after to the end of his days.’
", i have thought of a nice ending for it: and he lived happily ever after to the end of his days.,fs,5,640,all
722,149,Arcane Signet,"Magic rings are, well, magical; and they are rare and curious.
"," magic rings are - well, magical; and they are rare and curious.",fs,5,688,all
1127,111,Inferno Titan,"I daresay there’s more truth in some of them stories than you reckon.
"," no doubt you can, retorted sam,and i daresay there's more truth in some of them than you reckon.",fs,6,124,all
1354,77,Boon of the Wish-Giver,"Three Rings for the Elven-kings under the sky,
Seven for the Dwarf-lords in their halls of stone,
Nine for Mortal Men doomed to die,
One for the Dark Lord on his dark throne
In the Land of Mordor where the Shadows lie."," it is only two lines of a verse long known in elven-lore: three rings for the elven-kings under the sky, seven for the dwarf-lords in their halls of stone, nine for mortal men doomed to die, one for the dark lord on his dark throne in the land of mordor where the shadows lie.",fs,6,471,all
1371,76,Arcane Denial,"Last night I told you of Sauron, the Dark Lord. The rumors are true: he has arisen again.
", the rumours that you have heard are true: he has indeed arisen again and left his hold in mirkwood and returned to his ancient fastness in the dark tower of mordor.,fs,6,495,all
1386,112,Knollspine Dragon,"Of the seven Rings of Power the Dwarf-kings possessed, three Sauron has recovered, and the others the dragons have consumed."," seven the dwarf-kings possessed, but three he has recovered, and the others the dragons have consumed.",fs,6,519,all
1508,12,"Gollum, Obsessed Stalker","He hated the Ring and loved it, as he hated and loved himself."," he hated it and loved it, as he hated and loved himself.",fs,6,731,all
1815,187,Graypelt Refuge,"As long as the Shire remains safe, I shall find wandering more bearable; somewhere there is a firm foothold, even if I cannot return.
"," i feel that as long as the shire lies behind, safe and comfortable, i shall find wandering more bearable: i shall know that somewhere there is a firm foothold, even if my feet cannot stand there again.",fs,6,1111,all
1998,169,Canopy Vista,"The Shire had seldom seen so fair a summer, or so rich an autumn; the trees were laden with apples, honey was dripping in the combs, and the corn was tall and full."," the shire had seldom seen so fair a summer, or so rich an autumn: the trees were laden with apples, honey was dripping in the combs, and the corn was tall and full.",fs,7,141,all
2239,128,Farseek,"It’s a dangerous business, Frodo, going out of your door. You step into the Road, and if you don’t keep your feet, there is no knowing where you might be swept off to.
"," ""you step into the road, and if you dont keep your feet, there is no knowing where you might be swept off to.",fs,7,506,all
2605,83,Forbidden Alchemy,"Do not meddle in the affairs of Wizards, for they are subtle and quick to anger."," but it is said: do not meddle in the affairs of wizards, for they are subtle and quick to anger.",fs,7,1105,all
2610,126,Essence Warden,"Elves seldom give unguarded advice, for advice is a dangerous gift, even from the wise to the wise.
"," elves seldom give unguarded advice, for advice is a dangerous gift, even from the wise to the wise, and all courses may run ill.",fs,7,1112,all
2750,168,Brushland,"Shortcuts make long delays. The country is rough round here, and there are bogs and all kinds of difficulties down in the Marish.
"," the country is rough round here, and there are bogs and all kinds of difficulties down in the marish -i know the land in these parts.",fs,8,144,all
2901,121,Cultivate,"Suddenly as they drew nearer, a terrific baying and barking broke out, and a loud voice was heard shouting: Grip! Fang! Wolf! Come on, lads!"," suddenly as they drew nearer a terrific baying and barking broke out, and a loud voice was heard shouting:grip!",fs,8,369,all
3167,53,"Oboro, Palace in the Clouds",The Brandywine flowed slow and broad before them. A large flat ferry-boat was moored beside the landing., a large flat ferry-boat was moored beside it.,fs,9,11,all
3274,130,Harmonize,"Sing hey! for the bath at close of day
that washes the weary mud away!
A loon is he that will not sing:
O! Water Hot is a noble thing!
", for the bath at close of day that washes the weary mud away!,fs,9,181,all
3485,207,Thornwood Falls,"To Rivendell, where Elves yet dwell
In glades beneath the misty fell.
"," to rivendell, where elves yet dwell in glades beneath the misty fell, through moor and waste we ride in haste, and whither then we cannot tell.",fs,9,467,all
3582,16,"Arwen, Weaver of Hope","From afar, Arwen watched over Aragorn, and in hope, she made for him a great and kingly standard.", a great desire came over him to climb the tower and see the sea.,fs,9,602,all
3753,214,Woodland Cemetery,The Barrow-downs had as sinister a reputation in Hobbit-legend as the Forest itself.," that cheered them greatly; for it was good to see a sight of anything beyond the woods borders, though they did not mean to go that way, if they could help it: the barrow-downs had as sinister a reputation in hobbit-legend as the forest itself.",fs,10,263,all
4562,42,Bojuka Bog,There loomed against the westward stars a dark black shape: a great barrow stood there., to his right there loomed against the westward stars a dark black shape.,fs,12,248,all
4598,89,Crypt Incursion,"Suddenly a song began: a cold murmur, rising and falling, grim, cold, heartless and miserable. The night was railing against the morning of which it was bereaved, and the cold was cursing the warmth for which it hungered."," the night was railing against the morning of which it was bereaved, and the cold was cursing the warmth for which it hungered.",fs,12,309,all
5008,70,Mentor of the Meek,"In a twinkling the table was laid. There was hot soup, cold meats, a blackberry tart, new loaves, slabs of butter, and half a ripe cheese: good plain food, as good as the Shire could show."," there was hot soup, cold meats, a blackberry tart, new loaves, slabs of butter, and half a ripe cheese: good plain food, as good as the shire could show, and homelike enough to dispel the last of sams misgivings (already much relieved by the excellence of the beer).",fs,13,281,all
5597,161,Wayfarer's Bauble,"All that is gold does not glitter,
Not all those who wander are lost;
The old that is strong does not wither,
Deep roots are not reached by the frost."," all that is gold does not glitter, not all those who wander are lost; the old that is strong does not wither, deep roots are not reached by the frost.",fs,14,412,all
5902,7,Grey Host Reinforcements,"I hope they haven’t forgotten how to fight.
"," how could they hope to reach rivendell on foot, pursued by mounted enemies?",fs,15,116,all
6136,46,Deserted Temple,"Amon Sûl they called it. It was burned and broken, and nothing remains of it now but a tumbled ring, like a rough crown on the old hill’s head."," it was burned and broken, and nothing remains of it now but a tumbled ring, like a rough crown on the old hills head.",fs,15,501,all
6310,147,Savvy Hunter,There is food in the wild. You need not be afraid of starving before winter comes., you need not be afraid of starving before winter comes.,fs,15,791,all
6335,127,Farhaven Elf,"The leaves were long, the grass was green,
The hemlock-umbels tall and fair,
And in the glade a light was seen
Of stars in shadow shimmering.
"," he was silent for some time, and then he began not to speak but to chant softly: the leaves were long, the grass was green, the hemlock-umbels tall and fair, and in the glade a light was seen of stars in shadow shimmering.",fs,15,846,all
6415,93,Living Death,They seemed like black holes in the deep shade behind them. Frodo thought that he heard a faint hiss as of venomous breath and felt a thin piercing chill., frodo thought that he heard a faint hiss as of venomous breath and felt a thin piercing chill.,fs,15,1063,all
6419,95,Night's Whisper,"Frodo was hardly less terrified than his companions; he was quaking as if he was bitter cold, but his terror was swallowed up in a sudden temptation to put on the Ring."," frodo was hardly less terrified than his companions; he was quaking as if he was bitter cold, but his terror was swallowed up in a sudden temptation to put on the ring.",fs,15,1069,all
6502,38,Shadowspear,"Few now have the skill in healing to match such evil weapons.
", few now have the skill in healing to match such evil weapons.,fs,16,75,all
6507,198,Scattered Groves,"I have walked far to find these leaves; for this plant does not grow in the bare hills, but in the thickets away south of the Road.
"," these leaves, he said,i have walked far to find; for this plant does not grow in the bare hills; but in the thickets away south of the road i found it in the dark by the scent of its leaves.",fs,16,85,all
7038,81,Devastation Tide,The Riders were overwhelmed: drowned in the roaring of the river as it carried them away., their piercing cries were drowned in the roaring of the river as it carried them away.,fs,16,980,all
7184,98,Sanguine Bond,"They tried to pierce your heart with a Morgul-knife which remains in the wound. If they had succeeded, you would have become like they are, only weaker and under their command.
"," if they had succeeded, you would have become like they are, only weaker and under their command.",fs,17,180,all
7211,133,Overwhelming Stampede,"They do not fear the Ringwraiths, for those who have dwelt in the Blessed Realm live at once in both worlds, and against both the Seen and the Unseen they have great power."," they do not fear the ringwraiths, for those who have dwelt in the blessed realm live at once in both worlds, and against both the seen and the unseen they have great power.",fs,17,227,all
7222,195,Rejuvenating Springs,"You are in Rivendell, and you need not worry about anything for the present.
"," you are in rivendell, and you need not worry about anything for the present.",fs,17,243,all
7255,96,Reanimate,"But the Ringwraiths themselves cannot be so easily destroyed.
", but the ringwraiths themselves cannot be so easily destroyed.,fs,17,294,all
7290,33,Model of Unity,"Rivendell is a perfect house, whether you like food or sleep or storytelling or singing, or a pleasant mixture of them all.
"," that house was, as bilbo had long ago reported,a perfect house, whether you like food or sleep, or story-telling or singing, or just sitting and thinking best, or a pleasant mixture of them all.",fs,17,344,all
7329,180,Flooded Grove,"The sound of running and falling water was loud, and the evening was filled with a faint scent of trees and flowers, as if summer still lingered in Elrond’s gardens."," the sound of running and falling water was loud, and the evening was filled with a faint scent of trees and flowers, as if summer still lingered in elronds gardens.",fs,17,402,all
7435,202,Sulfur Falls,"You should see the waterways of Dale, Frodo, and the fountains, and the pools! You should see the terraces and towers upon the Mountain’s sides!
"," you should see the waterways of dale, frodo, and the fountains, and the pools!",fs,17,593,all
7605,186,Glacial Fortress,"Beneath the Moon and under star
he wandered far from northern strands …
From gnashing of the Narrow Ice
where shadow lies on frozen hills.
"," beneath the moon and under star he wandered far from northern strands, bewildered on enchanted ways beyond the days of mortal lands.",fs,17,840,all
7730,120,Birds of Paradise,"The noise of bubbling waters came up from the foaming riverbed. Birds were singing, and a wholesome peace lay on the land."," birds were singing, and a wholesome peace lay on the land.",fs,18,36,all
7812,156,Sol Ring,"In the Second Age, Sauron was not yet evil to behold, and the Elven-smiths of Eregion received his aid and grew mighty in craft, whereas he learned all their secrets, and betrayed them, and forged secretly in the Mountain of Fire the One Ring to be their master."," for in that time he was not yet evil to behold, and they received his aid and grew mighty in craft, whereas he learned all their secrets, and betrayed them, and forged secretly in the mountain of fire the one ring to be their master.",fs,18,186,all
7828,136,Reclamation Sage,"I have seen three ages in the West of the world, and many defeats, and many fruitless victories.
"," i have seen three ages in the west of the world, and many defeats, and many fruitless victories.",fs,18,222,all
7853,40,Thorn of Amethyst,"Narsil was broken and its light extinguished, and it has not yet been forged again.
"," but narsil was broken and its light extinguished, and it has not yet been forged again.",fs,18,261,all
7866,209,Tranquil Cove,"In the South, the realm of Gondor long endured, and for a while its splendor grew, its people building high towers and havens for many ships."," in the south the realm of gondor long endured; and for a while its splendour grew, recalling somewhat of the might of n®menor, ere it fell.",fs,18,293,all
7873,44,Cabal Coffers,"Evil things came forth, and they took Minas Ithil and abode in it, and they made it into a place of dread; it is now called Minas Morgul, the Tower of Sorcery.
"," and on a time evil things came forth, and they took minas ithil and abode in it, and they made it into a place of dread; and it is called minas morgul, the tower of sorcery.",fs,18,313,all
7891,86,Plea for Power,"Smoke rises once more from Mount Doom. The power of the Black Land grows and we are hard beset.
", the power of the black land grows and we are hard beset.,fs,18,349,all
7913,24,"Boromir, Gondor's Hope","Long have I wandered by roads forgotten, seeking the house of Elrond."," loth was my father to give me leave, and long have i wandered by roads forgotten, seeking the house of elrond, of which many had heard, but few knew where it lay.",fs,18,411,all
7975,67,Fiend Hunter,"What roads would any dare to tread if the Dúnedain were all gone into the grave?
"," what roads would any dare to tread, what safety would there be in quiet lands, or in the homes of simple men at night, if the d®nedain were asleep, or were all gone into the grave?",fs,18,524,all
8102,159,Thought Vessel,"Grudgingly, Lord Denethor permitted me to search among his hoarded scrolls and books.
"," less welcome did the lord denethor show me then than of old, and grudgingly he permitted me to search among his hoarded scrolls and books.",fs,18,721,all
8103,8,Archivist of Gondor,"If indeed you look only, as you say, for records of ancient days and the beginnings of the City, read on!","  ""if indeed you look only, as you say, for records of ancient days, and the beginnings of the city, read on!",fs,18,724,all
8114,84,Learn from the Past,"The Great Ring shall go now to be an heirloom of the North Kingdom; but records of it shall be left in Gondor, lest a time come when the memory of these great matters shall grow dim.
"," for this scroll concerns the ring, and thus wrote isildur therein: the great ring shall go now to be an heirloom of the north kingdom; but records of it shall be left in gondor, where also dwell the heirs of elendil, lest a time come when the memory of these great matters shall grow dim.",fs,18,754,all
8251,118,Asceticism,"Radagast has much lore of herbs and beasts, and birds are especially his friends.
"," radagast is, of course, a worthy wizard, a master of shapes and changes of hue; and he has much lore of herbs and beasts, and birds are especially his friends.",fs,18,995,all
8251,119,Beast Within,"Radagast is, of course, a worthy Wizard, a master of shapes and changes of hue.
"," radagast is, of course, a worthy wizard, a master of shapes and changes of hue; and he has much lore of herbs and beasts, and birds are especially his friends.",fs,18,995,all
8321,79,Consider,"A new Power is rising. Against it, the old allies and policies will not avail us at all. There is one choice before us.
", against it the old allies and policies will not avail us at all.,fs,18,1112,all
8364,2,"Saruman, the White Hand",Over all his works a dark smoke hung and wrapped itself about the sides of Orthanc., over all his works a dark smoke hung and wrapped itself about the sides of orthanc.,fs,18,1176,all
8567,25,Erestor of the Council,There are but two courses: to hide the Ring forever; or to unmake it.," then, said erestor,there are but two courses, as glorfindel already has declared: to hide the ring for ever; or to unmake it.",fs,18,1527,all
8651,123,Elvish Mystic,"The Three Rings of the Elves were not made as weapons of war or conquest
", but they were not made as weapons of war or conquest: that is not their power.,fs,18,1615,all
8654,37,Rings of Brighthearth,"All that has been wrought by those who wield the Three will turn to their undoing, and their minds and hearts will become revealed to Sauron, if he regains the One."," but all that has been wrought by those who wield the three will turn to their undoing, and their minds and hearts will become revealed to sauron, if he regains the one.",fs,18,1621,all
8804,177,Evolving Wilds,"When winter first begins to bite
and stones crack in the frosty night,
when pools are black and trees are bare,
‘tis evil in the Wild to fare."," when winter first begins to bite and stones crack in the frosty night, when pools are black and trees are bare, tis evil in the wild to fare.",fs,19,72,all
8810,142,Extract from Darkness,"The power of their master is in them, and they stand or fall by him.
"," the power of their master is in them, and they stand or fall by him.",fs,19,82,all
9171,97,Revenge of Ravens,"Regiments of black crows are flying all over. I do not know what they are about, but I think they are spying out the land.
", i do not know what they are about: possibly there is some trouble away south from which they are fleeing; but i think they are spying out the land.,fs,19,725,all
9252,52,Mouth of Ronom,"We shall meet bitter cold, if not worse, before we come down on the other side. It will not help us to keep so secret that we are frozen to death.
"," we shall meet bitter cold, if no worse, before we come down on the other side.",fs,19,865,all
9307,100,Anger,There are many evil and unfriendly things in the world that have little love for those who go on two legs.," there are many evil and unfriendly things in the world that have little love for those that go on two legs, and yet are not in league with sauron, but have purposes of their own.",fs,19,955,all
9405,153,Lightning Greaves,"The strongest must seek a way, say you? But I say: let a plowman plow, but choose an otter for swimming, and choose an Elf for running light over grass and leaf.
"," but i say: let a ploughman plough, but choose an otter for swimming, and for running light over grass and leaf or over snow-an elf.",fs,19,1119,all
9927,18,Feasting Hobbit,"His name, of course, was Proudfoot."," of course, of course!",fs,20,697,all
9989,80,Deep Analysis,"There are older and fouler things than Orcs in the deep places of the world.
", there are older and fouler things than ores in the deep places of the world.,fs,20,776,all
10191,117,Zealous Conscripts,"Buckler and corslet, axe and sword,
And shining spears were laid in hoard."," there beryl, pearl, and opal pale, and metal wrought like fishes mail, buckler and corslet, axe and sword, and shining spears were laid in hoard.",fs,20,1148,all
10217,31,"Too Greedily, Too Deep","The Dwarves tell no tale; but even as mithril was the foundation of their wealth, so also it was their destruction.
"," the dwarves tell no tale; but even as mithril was the foundation of their wealth, so also it was their destruction: they delved too greedily and too deep, and disturbed that from which they fled, durins bane.",fs,20,1201,all
10263,108,Guttersnipe,"I have looked on Moria, and it is very great, but it has become dark and dreadful.
"," i have looked on moria, and it is very great, but it has become dark and dreadful; and we have found no sign of my kindred.",fs,20,1266,all
10289,41,Ancient Tomb,"On the slab runes were deeply graven:
BALIN
SON OF FUNDIN
LORD OF MORIA"," on the slab runes were deeply graven: these are daerons runes, such as were used of old in moria, said gandalf.",fs,20,1307,all
10648,23,Windswift Slice,A shrill yell went up, a shrill yell went up: they had been seen.,fs,21,442,all
10648,216,Windswift Slice,A shrill yell went up, a shrill yell went up: they had been seen.,fs,21,442,all
10663,36,Ensnaring Bridge,The way out lay across a slender bridge of stone. It was an ancient defense of the Dwarves that could only be traversed in single file., they could only pass across it in single file.,fs,21,460,all
10877,215,Woodland Stream,"There lie the woods of Lothlórien! That is the fairest of all the dwellings of my people.
", that is the fairest of all the dwellings of my people.,fs,22,117,all
10879,134,Paradise Druid,"There are no trees like the trees of that land.
For in the autumn their leaves fall not, but turn to gold.
"," for in the autumn their leaves fall not, but turn to gold.",fs,22,118,all
11246,19,Galadhrim Ambush,"None of the Orcs will ever return out of Lórien.
", none of the ores will ever return out of lurien.,fs,22,730,all
11307,20,"Haldir, Lórien Lieutenant",Now you must be brought before the Lord and the Lady.," now you have come thus far, you must be brought before the lord and the lady.",fs,22,828,all
11358,176,Drowned Catacomb,"The world is indeed full of peril, and in it there are many dark places; in all lands, love is now mingled with grief.
"," the world is indeed full of peril, and in it there are many dark places; but still there is much that is fair, and though in all lands love is now mingled with grief, it grows perhaps the greater.",fs,22,902,all
11360,190,Lonely Sandbar,"I do not believe that the world about us will ever again be as it was of old. For the Elves may soon pass to the Sea unhindered and leave Middle-earth forever.
"," yet i do not believe that the world about us will ever again be as it was of old, or the light of the sun as it was aforetime.",fs,22,906,all
11444,21,Mirkwood Elk,"Whereas the light perceives the very heart of the darkness, its own secret has not been discovered.
"," in this high place you may see the two powers that are opposed one to another; and ever they strive now in thought, but whereas the light perceives the very heart of the darkness, its own secret has not been discovered.",fs,22,1072,all
11468,210,Tranquil Thicket,"Welcome to Caras Galadhon! Here is the city of the Galadhrim where dwell the Lord Celeborn and Galadriel, the Lady of Lórien.
", here is the city of the galadhrim where dwell the lord celeborn and galadriel the lady of lurien.,fs,23,22,all
11585,131,Heroic Intervention,"Do not let your hearts be troubled. Even now, there is hope left.
"," do not let your hearts be troubled, she said.",fs,23,230,all
11758,179,Field of Ruin,"There’s some devilry at work in the Shire.
"," theres some devilry at work in the shire,' he said.",fs,23,529,all
11810,188,Hinterland Harbor,"Legolas built a grey ship in Ithilien, and sailed down Anduin and so over Sea; and with him, it was said, went Gimli the Dwarf."," a smoke as of fire and battle arose, and again the sun went down in a burning red that faded into a grey mist; and into the mist a small ship passed away, twinkling with lights.",fs,23,601,all
11827,125,Elvish Visionary,"Do not think that only by singing amid the trees, nor even by the slender arrows of Elven- bows, is this land of Lothlórien maintained and defended against its Enemy.
"," but do not think that only by singing amid the trees, nor even by the slender arrows of elven-bows, is this land of lothlurien maintained and defended against its enemy.",fs,23,627,all
11874,10,Raise the Palisade,"She seemed tall beyond measurement, and beautiful beyond enduring, terrible and worshipful."," she stood before frodo seeming now tall beyond measurement, and beautiful beyond enduring, terrible and worshipful.",fs,23,697,all
12455,139,Tireless Provisioner,Lembas is more strengthening than any food made by Men.," but we call it lembas or waybread, and it is more strengthening than any food made by men, and it is more pleasant than cram, by all accounts.",fs,24,158,all
12467,155,Pristine Talisman,Each cloak was fastened about the neck with a brooch like a green leaf veined with silver., each cloak was fastened about the neck with a brooch like a green leaf veined with silver.,fs,24,179,all
12470,163,Whispersilk Cloak,"Are these magic cloaks? asked Pippin.
I do not know what you mean by that, answered the leader of the Elves."," i do not know what you mean by that, answered the leader of the elves.",fs,24,184,all
12548,122,Elvish Archdruid,"I sang of leaves, of leaves of gold, and leaves of gold there grew:
Of wind I sang, a wind there came and in
the branches blew."," sad and sweet was the sound of her voice in the cool clear air: i sang of leaves, of leaves of gold, and leaves of gold there grew: of wind i sang, a wind there came and in the branches blew.",fs,24,305,all
12571,213,Wind-Scarred Crag,"About that stream, on this side of the Great River, lies Rohan.
"," about that stream, on this side of the great river, lies rohan.",fs,24,366,all
12669,212,Vineglimmer Snarl,Lórien seemed like a bright ship masted with enchanted trees sailing away from the margin of the grey and leafless world.," for so it seemed to them: lurien was slipping backward, like a bright ship masted with enchanted trees, sailing on to forgotten shores, while they sat helpless upon the margin of the grey and leafless world.",fs,24,551,all
12762,88,Swan Song,"Once or twice the travelers heard the rush and whine of swan-wings, and looking up they saw a great phalanx streaming along the sky."," once or twice the travellers heard the rush and whine of swan-wings, and looking up they saw a great phalanx streaming along the sky.",fs,25,51,all
12913,129,Great Oak Guardian,"Ent the earthborn, old as mountains.", it is far from the mountains.,fs,25,275,all
13376,106,Frontier Warmonger,What could not a warrior do in this hour?," what could not a warrior do in this hour, a great leader?",fs,26,197,all
13481,29,Mirkwood Trapper,"Under the boughs of Mirkwood, there was deadly strife of Elves and evil beings.", under the boughs of mirkwood there was deadly strife of elves and men and fell beasts.,fs,26,324,all
13790,58,Wasteland,"But I am going to Mordor, said Frodo.
I know that well enough, said Sam. Of course you are. And I’m coming with you."," i know that well enough, mr.",fs,26,657,all
14371,171,Clifftop Retreat,"The dwellings of the Rohirrim lie under the wooded eaves of the White Mountains, hidden in mist and cloud."," the dwellings of the rohirrim were for the most part many leagues away to the south, under the wooded eaves of the white mountains, now hidden in mist and cloud; yet the horse-lords had formerly kept many herds and studs in the eastemnet, this easterly region of their realm, and there the herdsmen had wandered much, living in camp and tent, even in winter-time.",tt,2,456,all
15021,94,Merciless Executioner,Curse the Isengarders! Uglúk u bagronk sha pushdug Saruman-glob búbhosh skai!, ugliik u bagronk sha pushdug saruman-glob bub- hosh skat\ he passed into a long angry speech in his own tongue that slowly died away into muttering and snarling.,tt,3,86,all
15787,138,Sylvan Offering,Learn now the lore of Living Creatures!, learn now the lore of living creatures!,tt,4,221,all
15852,32,"Treebeard, Gracious Host","I go my own way, but your way may go along with mine for a while.", i go my own way; but your way may go along with mine for a while.,tt,4,358,all
16081,87,Preordain,"That is the business of Wizards: Wizards are always troubled about the future.
", that is the business of wizards: wizards are always troubled about the future.,tt,4,794,all
16085,101,Blasphemous Act,"And there are some things, of course, whose side I am altogether not on: these burárum
"," and there are some things, of course, whose side i am altogether not on; i am against them altogether: these - bnraruni (he again made a deep rumble of disgust) ‘ these ores, and their masters.",tt,4,806,all
16307,17,Assemble the Entmoot,"Boom, boom, rumboom, boorar, boom boom, dahrar boom boom, dahrar boom…"," he hummed to himself deeply and thoughtfully, but merry and pippin caught no proper words: it sounded like boom , boom , rum- boom, boorar, boom boom, dahrar boom boom, dahrar boom, and so on with a constant change of note and rhythm.",tt,4,1277,all
16427,178,Exotic Orchard,"The oldest rowan-trees were planted by the Ents to try and please the Entwives; but they looked at them and smiled and said that they knew where whiter blossom and richer fruit were growing.
", the oldest were planted by the ents to try and please the entwives; but they looked at them and smiled and said that they knew where whiter blossom and richer fruit were growing.,tt,4,1569,all
16540,59,"Yavimaya, Cradle of Growth","Pippin thought he saw groves of trees moving. Could it be that the trees of Fangorn were awake, and the forest was rising, marching over the hills to war?"," could it be that the trees of treebeard 635 fangorn were awake, and the forest was rising, marching over the hills to war?",tt,4,1814,all
17175,183,Frostboil Snarl,"A great smoke rose about us, vapor and steam. Ice fell like rain as I threw down my enemy.
"," a great smoke rose about us, vapour and steam.",tt,5,996,all
17514,45,Castle Ardenvale,The hall was long and wide and filled with shadows. Mighty pillars upheld its lofty roof., the hall was long and wide and filled with shadows and half lights; mighty pillars upheld its lofty roof.,tt,6,416,all
17569,82,Fact or Fiction,"What aid have you ever brought, Stormcrow? And what aid do you bring now? It was aid from us that you sought the last time you were here.
", it was aid from us that you sought last time that you were here.,tt,6,517,all
17587,124,Elvish Piper,"In Dwimordene, in Lórien
Seldom have walked the feet of Men,
Few mortal eyes have seen the light
That lies there ever, long and bright.
Galadriel! Galadriel!"," the king of the golden hall 671 in dwimordene, in lorien seldom have walked the feet of men, few mortal eyes have seen the light that lies there ever, long and bright.",tt,6,559,all
17804,105,Faithless Looting,"Here, lord, is Herugrim, your ancient blade. It was found in Wormtongue’s room. Many other things are there which men have missed.
", many other things are there which men have missed.,tt,6,900,all
17864,103,Court of Ire,How long is it since Saruman bought you? What was the promised price?, how long is it since saruman bought you?,tt,6,979,all
17891,72,Path to Exile,"Go now, Wormtongue, whither you will. But then, if we ever meet again, I shall not be merciful.
"," but then, if ever we meet again, i shall not be merciful.",tt,6,1010,all
18178,56,"Shinka, the Bloodsoaked Keep","The keep was called the Hornburg, for a trumpet sounded upon the tower echoed in the Deep behind, as if armies long-forgotten were issuing to war from caves beneath the hills."," the hornburg it was called, for a trumpet sounded upon the tower echoed in the deep behind, as if armies long-forgotten were issuing to war from caves beneath the hills.",tt,7,180,all
18188,90,Feed the Swarm,"We have found many of our folk lying slain as they fled thither.
"," we have found many of our folk lying slain as they fled thither, said the scout.",tt,7,210,all
18309,74,Village Bell-Ringer,"The enemy is at hand! We loosed every arrow that we had, and filled the Dike with Orcs. But it will not halt them long."," ‘we loosed every arrow that we had, and filled the dike with ores.",tt,7,431,all
18347,102,Combat Celebrant,"This is the hour when we draw swords together!
", ‘this is the hour when we draw swords together!,tt,7,510,all
18499,30,Taunt from the Rampart,"Is it not said that no foe has ever taken the Hornburg, if men defended it?
"," ‘is it not said that no foe has ever taken the hornburg, if men defended it?",tt,7,744,all
18512,115,Thrill of Possibility,"A hundred ladders were raised against the battlements. Over the wall and under the wall the last assault came, sweeping like a dark wave upon a hill of sand.", over the wall and under the wall the last assault came sweeping like a dark wave upon a hill of sand.,tt,7,770,all
18568,107,Goblin Cratermaker,"But the Orcs have brought a devilry from Orthanc.
"," ‘but the ores have brought a devilry from orthanc, said aragorn.",tt,7,870,all
18874,14,Gimli of the Glittering Caves,No Dwarf could be unmoved by such loveliness., ‘no dwarf could be unmoved by such loveliness.,tt,8,350,all
19506,132,Lignify,"Huorns began to move south, as soon as the gates were shut again. Their business was with Orcs I think.
"," he said: “my business is with isengard tonight, with rock and stone.” ‘but, though i could not see what was happening in the dark, i believe that huorns began to move south, as soon as the gates were shut again.",tt,9,460,all
19681,204,Sunken Hollow,"Isengard began to fill up with black creeping streams and pools. The waters found their way down into shafts and spout holes, until at last Isengard looked like a huge flat saucepan, all steaming and bubbling."," and still more water poured in, until at last isengard looked like a huge flat saucepan, all steaming and bubbling.",tt,9,791,all
19692,66,Fell the Mighty,"There we sat high up above the floods and watched the drowning of Isengard.
", there we sat high up above the floods and watched the drowning of isengard.,tt,9,818,all
19708,78,Colossal Whale,"And in the night from Otherworld beyond the Sea there strong and free a storm arose …
", there was a noise in the night like a wind coming up the valley.,tt,9,837,all
20311,43,"Boseiju, Who Shelters All","Grey ruins falling into darkness, even with sunlight still shining in the sky."," sunlight was still shining in the sky, but long shadows reached over isengard: grey ruins falling into darkness.",tt,10,786,all
20311,60,"Boseiju, Who Shelters All","Grey ruins falling into darkness, even with sunlight still shining in the sky"," sunlight was still shining in the sky, but long shadows reached over isengard: grey ruins falling into darkness.",tt,10,786,all
20749,160,Vanquisher's Banner,"Seven stars and seven stones and one white tree.
", seven stars and seven stones and one white tree.,tt,11,130,all
20760,164,Worn Powerstone,"The palantíri of the Kings of Old: the name meant ‘that which looks far away.’ The Orthanc-stone was one, and it is beyond Saruman’s art.
", ‘the name meant that which looks far away.,tt,11,146,all
20768,152,Commander's Sphere,"The Ñoldor, perhaps Fëanor himself, wrought the palantíri in days so long ago that the time cannot be measured in years.
"," feanor himself, maybe, wrought them, in days so long ago that the time cannot be measured in years.",tt,11,156,all
21680,211,Underground River,"But stream and pool is wet and cool: so nice for feet! We only wish to catch a fish, so juicy-sweet!
", but stream and pool is wet and cool: so nice for feet!,tt,13,54,all
21929,201,Smoldering Marsh,"Before the shadows of evening were long in happier lands, they went on again with only brief halts until they had come to the very midst of the Dead Marshes."," before the shadows of evening were long in happier lands, they went on again, always on and on with only brief halts.",tt,13,449,all
21993,57,"Urborg, Tomb of Yawgmoth","All dead, all rotten. Elves and Men and Orcs. There was a great battle here long ago, yes.
"," ‘all dead, all rotten.",tt,13,534,all
22116,203,Sulfurous Springs,"A land defiled, diseased beyond all healing"," they had come to the desolation that lay before mordor: the lasting monument to the dark labour of its slaves that should endure when all their purposes were made void; a land defiled, diseased beyond all healing - unless the great sea should enter in and wash it with oblivion.",tt,13,768,all
22486,150,Basalt Monolith,"When it turns round the black rock, you’ll see it. Suddenly you’ll see it above you, and you’ll want to hide.
"," when it turns round the black rock, youll see it, suddenly youll see it above you, and youll want to hide.",tt,14,354,all
22795,143,Growth Spiral,The swift growth of the wild with briar and eglantine and trailing clematis was already drawing a veil over this place., the swift growth of the wild with briar and eglantine and trailing clematis was already drawing a veil over this place of dreadful feast and slaughter; but it was not ancient.,tt,15,215,all
22955,145,Mortify,Soon the rabbits were cut up and lying simmering in their pans with the bunched herbs., soon the rabbits cut up lay simmering in their pans with the bunched herbs.,tt,15,462,all
23059,140,Wood Elves,"Elves are wondrous fair to look upon, or so ‘tis said.
"," and elves are wondrous fair to look upon, or sotis said.",tt,15,614,all
23628,55,Reflecting Pool,"This is the Window of the Sunset, fairest of all the falls of Ithilien, land of many fountains.
"," ‘this is the window of the sunset, henneth annun, fairest of all the falls of ithilien, land of many fountains.",tt,16,764,all
24477,61,Banishing Light,Before all went Aragorn with the Flame of the West, ‘go with the good will of all good men!,tt,18,105,all
24544,181,Foreboding Ruins,"The road appeared lonely and forsaken, running down to empty ruins in the mist. But there was an evil feeling in the air."," it appeared lonely and forsaken, run- ning down to empty ruins in the mist.",tt,18,223,all
24724,154,Mind Stone,"The years had gnawed at it, and violent hands had maimed it. Its head was gone, and in its place was set in mockery a round rough-hewn stone, rudely painted in the likeness of a grinning face with one large eye in the midst of its forehead."," its head was gone, and in its place was set in mockery a round rough-hewn stone, rudely painted by savage hands in the likeness of a grinning face with one large red eye in the midst of its forehead.",tt,18,559,all
24768,170,Choked Estuary,"The water of the Morgulduin was silent and steaming, but the twisting vapor that rose from it was deadly cold."," the water flowing beneath was silent, and it steamed, but the vapour that rose from it, curling and twisting about the bridge, was deadly cold.",tt,19,75,all
24878,62,Bastion Protector,"Who can now hold the fords when the King of the Nine Riders comes?
", and who can now hold the fords when the king of the nine riders comes?,tt,19,285,all
25502,34,Relic of Sauron,"While the power of Sauron grew, light and living things forsook his borders."," but that desire was yet far away, and long now had she been hungry, lurking in her den, while the power of sauron grew, and light and living things forsook his borders; and the city in the valley was dead, and no elf or man came near, only the unhappy ores.",tt,20,473,all
26228,13,Call for Aid,"We must hasten. The beacons of Gondor are alight. War is kindled.
", we must hasten.,rk,1,44,all
26317,51,"Minamo, School at Water's Edge","Beyond, in the great fief of Belfalas, dwelt Prince Imrahil in his castle of Dol Amroth by the sea."," but beyond, in the great fief of b elf alas, dwelt prince imrahil in his castle of dol amroth by the sea, and he was of high blood, and his folk also, tall men and proud with sea-grey eyes.",rk,1,205,all
26403,208,Throne of the High City,"The high throne was empty. At the foot of its dais, upon the lowest step which was broad and deep, there was a stone chair, black and unadorned, for the Steward of Gondor."," at the foot of the dais, upon the lowest step which was broad and deep, there was a stone chair, black and unadorned, and on it sat an old man gazing at his lap.",rk,1,393,all
26733,50,Kor Haven,"The chief city of the Kings of Men was Osgiliath, Citadel of the Stars. Now it is deserted, and in its ruins shadows walk."," it was a city, said beregond,the chief city of gondor, of which this was only a fortress.",rk,1,939,all
27441,109,Harsh Mentor,"A time may come soon when there will be need of valor without renown. Yet the deeds will not be less valiant because they are unpraised.
", yet the deeds will not be less valiant because they are unpraised.,rk,2,650,all
27483,185,Ghost Quarter,"The light was grey, for the sun had not yet climbed over the black ridges of the Haunted Mountain before them."," the light was still grey as they rode, for the sun had not yet climbed over the black ridges of the haunted mountain before them.",rk,2,727,all
27637,167,Battlefield Forge,"In the morning, I shall ride to Edoras to the gathering of the Mark.
"," last night the moon was full, and in the morning i shall ride to edoras to the gathering of the mark.",rk,3,83,all
27697,192,Path of Ancestry,"Merry gazed at the Púkel-men with wonder and pity, as they loomed up mournfully in the dusk."," the p®kel-men they called them, and heeded them little: no power or terror was left in them; but merry gazed at them with wonder and a feeling almost of pity, as they loomed up mournfully in the dusk.",rk,3,186,all
27909,175,Dragonskull Summit,"Now the great cloud hangs over all the land between here and the Mountains of Shadow; and it is deepening. War has already begun.
", now the great cloud hangs over all the land between here and the mountains of shadow; and it is deepening.,rk,3,549,all
28649,114,Siege-Gang Commander,They began to throw missiles that passed right above the battlement and fell thudding within the first circle of the City.," as soon as the great catapults were set, with many yells and the creaking of rope and winch, they began to throw missiles marvellously high, so that they passed right above the battlement and fell thudding within the first circle of the city; and many of them by some secret art burst into flame as they came toppling down.",rk,4,924,all
28814,3,Beregond of the Guard,"Beregond, if you can, do something to stop any dreadful thing from happening.
"," but, beregond, if you can, do something to stop any dreadful thing happening.",rk,4,1172,all
28833,15,Rampaging War Mammoth,"The Mûmakil of Harad were great beasts, like moving houses, capable of dragging huge towers and engines to war."," there came great beasts, like moving houses in the red and fitful light, the mymakil of the harad dragging through the lanes amid the fires huge towers and engines.",rk,4,1199,all
28854,144,Hostage Taker,Umbar was a refuge for all the enemies of Gondor, for a moment all was still.,rk,4,1236,all
29193,28,Forth Eorlingas!,"A sword-day, a red day, ere the sun rises! Ride now, ride now! Ride to Gondor!"," spear shall be shaken, shield be splintered, a sword-day, a red day, ere the sun rises!",rk,5,447,all
29337,39,Sword of the Animist,"My heart rejoices; for you, Estel, shall be among the great whose valor will destroy the Shadow.
", great heart will not be denied.,rk,6,208,all
29486,85,Opt,"They looked east to the Shadow and west to the Twilight, and they plighted their troth and were glad."," and so at length jomer and aragorn met in the midst of the battle, and they leaned on their swords and looked on one another and were glad.",rk,6,492,all
29527,71,Palace Jailer,"Is it not a law in the City that those who wear the black and silver must stay in the Citadel?
"," is it not a law in the city that those who wear the black and silver must stay in the citadel, unless their lord gives them leave?",rk,7,17,all
29601,65,Dearly Departed,"The houses of the dead are no places for the living.
", the houses of the dead are no places for the living.,rk,7,122,all
29657,9,"Denethor, Stone Seer","You may triumph on the field, for a day. But against the Power that now arises there is no victory.", but against the power that now arises there is no victory.,rk,7,199,all
29849,92,Languish,"It seemed to the tenders of the sick that on the Halfling and on the Lady of Rohan this malady lay heavily. Soon they began to fall down into the darkness, and as the sun turned west, a grey shadow crept over their faces."," but soon they began to fall down into the darkness, and as the sun turned west a grey shadow crept over their faces.",rk,8,127,all
30326,193,Port Town,"There at Pelargir lay the main fleet of Umbar, fifty great ships and smaller vessels beyond count."," there at pelargir lay the main fleet of umbar, fifty great ships and smaller vessels beyond count.",rk,9,220,all
30477,49,Karakas,"I stand in the place of the Steward of Gondor, and it is mine to think first of its people. Gondor must be protected.
"," yet for a while i stand in the place of the steward of gondor, and it is mine to think first of its people.",rk,9,485,all
30769,4,Champions of Minas Tirith,The Realm of Sauron is ended forever!," this is my tale, and it is ended now.",rk,10,524,all
30865,69,Fumigate,"The one small garden of a free gardener was all Sam’s need and due, not a garden swollen to a realm; his own hands to use, not the hands of others to command."," the one small garden of a free gardener was all his need and due, not a garden swollen to a realm; his own hands to use, not the hands of others to command.",rk,11,226,all
31086,116,Treasure Nabber,"To his dismay, he could not both fight and keep hold of his treasure.", and shagrat could not both fight and keep hold of his treasure.,rk,11,532,all
32524,173,Crumbling Necropolis,"As Frodo put on the Ring and claimed it for his own, the Power in Barad-dûr was shaken, and the Tower trembled from its foundations to its proud and bitter crown."," and far away, as frodo put on the ring and claimed it for his own, even in sammath naur the very heart of his realm, the power in barad-dyr was shaken, and the tower trembled from its foundations to its proud and bitter crown.",rk,13,689,all
32543,91,Go for the Throat,"Precious, precious, precious!"," precious, precious, precious!",rk,13,728,all
32551,141,Anguished Unmaking,"There was a roar and a great confusion of noise. Fires leaped up and licked the roof. The throbbing grew to a great tumult, and the Mountain shook."," the throbbing grew to a great tumult, and the mountain shook.",rk,13,736,all
32601,113,Shared Animosity,"Out from the beleaguered hills, knights of Gondor, Riders of Rohan, and Dúnedain of the North drove against their wavering foes, piercing the press with the thrust of bitter spears."," out from the beleaguered hills knights of gondor, riders of rohan, d®nedain of the north, close-serried companies, drove against their wavering foes, piercing the press with the thrust of bitter spears.",rk,14,50,all
32607,206,Terramorphic Expanse,"The earth groaned and quaked. The Towers of the Teeth swayed, tottered, and fell down. The mighty rampart crumbled and the Black Gate was hurled in ruin.", the earth groaned and quaked.,rk,14,58,all
32608,104,Earthquake,"From far away, now dim, now growing, now mounting to the clouds, there came a drumming rumble, a roar, a long echoing roll of ruinous noise."," the towers of the teeth swayed, tottered, and fell down; the mighty rampart crumbled; the black gate was hurled in ruin; and from far away, now dim, now growing, now mounting to the clouds, there came a drumming rumble, a roar, a long echoing roll of ruinous noise.",rk,14,64,all
32613,148,Supreme Verdict,"There rose a huge shape of shadow, impenetrable, lightning-crowned, filling all the sky. Enormous it reared above the world, terrible but impotent: for even as it leaned over them, a great wind took it, and it was all blown away."," enormous it reared above the world, and stretched out towards them a vast threatening hand, terrible but impotent: for even as it leaned over them, a great wind took it, and it was all blown away, and passed; and then a hush fell.",rk,14,73,all
32615,200,Shineshadow Snarl,Behold! The power of Mordor was scattering like dust in the wind., their enemies were flying and the power of mordor was scattering like dust in the wind.,rk,14,77,all
32897,68,Frontline Medic,The world is full enough of hurts and mischances without wars to multiply them., though we should still have enough to do without them: the world is full enough of hurts and mischances without wars to multiply them.,rk,15,39,all
33044,184,Furycalm Snarl,"The Shadow departed, and the Sun was unveiled, and light leaped forth."," and the shadow departed, and the sun was unveiled, and light leaped forth; and the waters of anduin shone like silver, and in all the houses of the city men sang for the joy that welled up in their hearts from what source they could not tell.",rk,15,280,all
33131,26,"Faramir, Steward of Gondor",The last Steward of Gondor begs leave to surrender his office.," faramir met aragorn in the midst of those there assembled, and he knelt, and said:the last steward of gondor begs leave to surrender his office.",rk,15,490,all
33148,1,"Aragorn, King of Gondor","In this place will I abide, and my heirs, unto the ending of the world."," in this place will i abide, and my heirs, unto the ending of the world.",rk,15,539,all
33203,194,Prairie Stream,"Aragorn saw the River like a ribbon laid down to Pelargir, and beyond that was a light on the sky that spoke of the Sea. And Gandalf said: This is your realm, and the heart of the greater realm that shall be."," and gandalf said: this is your realm, and the heart of the greater realm that shall be.",rk,15,714,all
33308,75,Weathered Wayfarer,"The Forest of Drúadan was granted to Ghân-buri-Ghân and his folk, to be their own forever."," the forest of dr®adan he gives to ghvn-buri-ghvn and to his folk, to be their own for ever; and hereafter let no man enter it without their leave!",rk,16,122,all
33317,64,Dawn of Hope,"Hope he rekindled, and in hope ended; over death, over dread, over doom lifted out of loss, out of life, unto long glory.
"," hope he rekindled, and in hope ended; over death, over dread, over doom lifted out of loss, out of life, unto long glory.",rk,16,157,all
33318,191,Necroblossom Snarl,"Merry stood at the foot of the green mound, and he wept."," but merry stood at the foot of the green mound, and he wept, and when the song was ended he arose and cried: thjoden king, thjoden king!",rk,16,162,all
33331,157,Talisman of Conviction,Faramir and Éowyn stood forth and set hand in hand; and all there drank to them and were glad., and faramir and jowyn stood forth and set hand in hand; and all there drank to them and were glad.,rk,16,204,all
33332,158,Talisman of Progress,"Thus is the friendship of the Mark and of Gondor bound with a new bond, and the more do I rejoice.
"," thus, said jomer,is the friendship of the mark and of gondor bound with a new bond, and the more do i rejoice.",rk,16,205,all
33488,35,Cloudstone Curio,"Aragorn took the green stone and held it up, and there came a green fire from his hand."," then aragorn took the green stone and held it up, and there came a green fire from his hand.",rk,16,476,all
33679,54,Pillar of the Paruns,"The Road goes ever on and on,
Down from the door where it began.
Now far ahead the Road has gone,
And I must follow, if I can.
", the road goes ever on and on out from the door where it began.,rk,16,767,all
33681,47,Homeward Path,"Let others a journey new begin,
But I at last with weary feet
Will turn towards the lighted inn,
My evening-rest and sleep to meet.
"," let them a journey new begin, but i at last with weary feet will turn towards the lighted inn, my evening-rest and sleep to meet.",rk,16,778,all
33729,199,Scoured Barrens,At length they came to Weathertop; and it was then drawing towards evening and the shadow of the hill lay dark on the road., at length they came to weathertop; and it was then drawing towards evening and the shadow of the hill lay dark on the road.,rk,17,33,all
34031,182,Fortified Village,"At either end of the Bridge there was a great spiked gate, very gloomy and un-Shirelike."," at either end of the bridge there was a great spiked gate; and on the further side of the river they could see that some new houses had been built: two-storeyed with narrow straight- sided windows, bare and dimly lit, all very gloomy and un-shirelike.",rk,18,9,all
34237,189,Isolated Chapel,"The Shirrif-house had only one story, narrow windows, and was built of ugly pale bricks, badly laid."," it had only one storey, but it had the same narrow windows, and it was built of ugly pale bricks, badly laid.",rk,18,295,all
34274,162,Well of Lost Dreams,"This was Frodo and Sam’s own country, and they found out now that they cared about it more than any other place in the world."," this was frodo and sams own country, and they found out now that they cared about it more than any other place in the world.",rk,18,349,all
34277,166,Ash Barrens,"The pleasant row of old Hobbit-holes in the bank on the north side of the Pool were deserted, and their little gardens that used to run down bright to the water’s edge were rank with weeds."," the pleasant row of old hobbit-holes in the bank on the north side of the pool were deserted, and their little gardens that used to run down bright to the waters edge were rank with weeds.",rk,18,355,all
34314,146,Notion Thief,"That’s your tone, is it? Change it, or we’ll change it for you. You little folk are getting too uppish.", you little folk are getting too uppish.,rk,18,401,all
34369,63,Call for Unity,"Go! If you trouble us again, you will regret it.
"," if you trouble this village again, you will regret it.",rk,18,456,all
34478,27,Farmer Cotton,So it’s begun at last! I’ve been itching for trouble all this year.," ive been itching for trouble all this year, but folks wouldnt help.",rk,18,566,all
34583,165,Access Tunnel,"See you soon! I’ll bring you back an army of Tooks in the morning.
", ill bring you back an army of tooks in the morning.,rk,18,688,all
34843,99,Toxic Deluge,"Even Sam’s vision in the Mirror had not prepared him. The Old Grange on the west side had been knocked down, and its place taken by rows of tarred sheds. All the chestnuts were gone. The banks and hedgerows were broken."," the old grange on the west side had been knocked down, and its place taken by rows of tarred sheds.",rk,18,1066,all
34898,11,Subjugate the Hobbits,"This is worse than Mordor! Much worse, in a way. It comes home to you, as they say, because it is a home, and you remember it before it was all ruined.
"," it comes home to you, as they say; because it is home, and you remember it before it was all ruined.",rk,18,1132,all
35054,110,Humble Defector,"The few survivors were rounded up in the woods, and those who surrendered were shown to the borders."," before the years end the few survivors were rounded up in the woods, and those that surrendered were shown to the borders.",rk,19,46,all
35089,137,Seeds of Renewal,"Sam planted the little silver nut in the Party Field where the tree had once been, and he wondered what would come of it.", the little silver nut he planted in the party field where the tree had once been; and he wondered what would come of it.,rk,19,122,all
35091,135,Rampant Growth,All through the winter Sam remained as patient as he could. Spring surpassed his wildest hopes., spring surpassed his wildest hopes.,rk,19,126,all
