card_name,flavortext,lotr sentence,book,chapter,row
Second Breakfast,the hobbits of the shire were fond of six meals a day," and laugh they did, and eat, and drink, often and heartily, being fond of simple jests at all times, and of six meals a day (when they could get them).",fs,1,67
Shire Scarecrow,how bright your garden looks , how bright your garden looks!,fs,5,248
Delighted Halfling,there were toys the hobbitchildren had never seen before all beautiful and some obviously magical," there were toys the like of which they had never seen before, all beautiful and some obviously magical.",fs,5,333
"Bilbo, Retired Burglar",i donâ€™t know half of you half as well as i should like and i like less than half of you half as well as you deserve, / dont know half of you half as well as i should like; and i like less than half of you half as well as you deserve.,fs,5,488
Birthday Escape,as bilbo finished his speech he slipped the ring on his finger and he was never seen by any hobbit in hobbiton again," as he stepped down he slipped it on his finger, and he was never seen by any hobbit in hobbiton again.",fs,5,569
Inherited Envelope,keep it secret and keep it safe ," keep it safe for me, sam.",fs,5,879
Olog-hai Crusher,trolls were abroad no longer dullwitted but cunning and armed with dreadful weapons," trolls were abroad, no longer dull-witted, but cunning and armed with dreadful weapons.",fs,6,103
Grey Havens Navigator,it was an old tradition that beyond the shire stood the grey havens from which at times elvenships set sail never to return," but it was an old tradition that away over there stood the grey havens, from which at times elven-ships set sail, never to return.",fs,6,172
Shire Terrace,everything looked fresh and the new green of spring was shimmering in the fields," everything looked fresh, and the new green of spring was shimmering in the fields and on the tips of the trees fingers.",fs,6,240
Claim the Precious,i think it is a sad story and it might have happened to others even to some hobbits that i have known ," i think it is a sad story, said the wizard,and it might have happened to others, even to some hobbits that i have known.",fs,6,679
"Strider, Ranger of the North",the greatest traveler and huntsman of this age of the world," and my search would have been in vain, but for the help that i had from a friend: aragorn, the greatest traveller and huntsman of this age of the world.",fs,6,895
Gollum's Bite,it was pity that stayed bilboâ€™s hand do not be too eager to deal out death in judgment gollum has some part to play yet before the end , then do not be too eager to deal out death in judgement.,fs,6,968
"Gandalf, Friend of the Shire",after a hundred years hobbits can still surprise you at a pinch," you can learn all that there is to know about their ways in a month, and yet after a hundred years they can still surprise you at a pinch.",fs,6,1129
Mirkwood Bats,the enemy has many spies and many ways of hearing , the enemy has many spies and many ways of hearing.,fs,6,1146
Peregrin Took,sam get breakfast ready for halfpast nine, gel breakfast ready for half-past nine!,fs,7,420
Chance-Met Elves,it is said â€˜go not to the elves for counsel for they will say both no and yesâ€™ ," and it is also said, answered frodo:go not to the elves for counsel, for they will say both no and yes.",fs,7,1108
Mushroom Watchdogs,they wonâ€™t harm you , they wont harm you - not unless i tellem to.,fs,8,405
Meriadoc Brandybuck,my dear old hobbit you donâ€™t allow for the inquisitiveness of friends i have known about the existence of the ring for years," my dear old hobbit, you dont allow for the inquisitiveness of friends.",fs,9,358
Willow-Wind,the branches of the willow began to sway violently frodo called for help but he could hardly hear his own voice it was blown away from him by the willowwind and drowned in a clamor of leaves," it seemed to him that he could hardly hear the sound of his own shrill voice: it was blown away from him by the willow-wind and drowned in a clamour of leaves, as soon as the words left his mouth.",fs,10,511
Bombadil's Song,hey dol merry dol ring a dong dillo ring a dong hop along fal lal the willow tom bom jolly tom tom bombadillo, fal lal the willow!,fs,10,522
"Goldberry, River-Daughter",fear nothing for tonight you are under the roof of tom bombadil, for tonight you are under the roof of tom bombadil.,fs,11,33
Fog on the Barrow-Downs,cold be hand and heart and bone and cold be sleep under stone never more to wake on stony bed never till the sun fails and the moon is dead," after a while the song became clearer, and with dread in his heart he perceived that it had changed into an incantation: cold be hand and heart and bone, and cold be sleep under stone: never mare to wake on stony bed, never, till the sun fails and the moon is dead.",fs,12,319
"Butterbur, Bree Innkeeper",i hope youâ€™ll be comfortable youâ€™ll be wanting supper i donâ€™t doubt as soon as may be this way now,hope youll be comfortable.,fs,13,256
"Fear, Fire, Foes!",open in the name of mordor,open in the name of mordor,fs,15,27
Slip On the Ring,how had it come to be on his finger he wondered if the ring itself had not played him a trick, how it came to be on his finger he could not tell.,fs,13,642
Great Hall of the Citadel,renewed shall be blade that was broken the crownless again shall be king ," from the ashes a fire shall be woken, a light from the shadows shall spring; renewed shall be blade that was broken, the crownless again shall be king.",fs,14,422
Ranger's Firebrand,keep close to the fire with your faces outward get some of the longer sticks ready in your hands , get some of the longer sticks ready in your hands!,fs,15,1038
Ringsight,frodo was able to see beneath their black wrappings in their white faces burned keen and merciless eyes, he was able to see beneath their black wrappings.,fs,15,1082
Morgul-Knife Wound,frodo felt a pain like a dart of poisoned ice pierce his left shoulder, a shrill cry rang out in the night; and he felt a pain like a dart of poisoned ice pierce his left shoulder.,fs,15,1097
The Grey Havens,there dwelt cÃ­rdan the shipwright and some say he dwells there still until the last ship sets sail into the west," i dwelt there once, and still i return when i may.",rk,19,495
Improvised Club,â€˜for a couple oâ€™ pinsâ€˜ says troll and grins iâ€™ll eat thee too and gnaw thy shinsâ€™ ," for a couple o pins,' says troll, and grins, ill eat thee too, and gnaw thy shins.",fs,16,567
Horses of the Bruinen,the black horses were filled with madness and leaping forward in terror they bore their riders into the rushing flood," the black horses were filled with madness, and leaping forward in terror they bore their riders into the rushing flood.",fs,16,979
"Glorfindel, Dauntless Rescuer",on the elflordâ€™s brow sat wisdom and in his hand was strength, the strength in his long arms and shoulders was terrifying.,fs,17,448
Arwen UndÃ³miel,she was called undÃ³miel for she was the evenstar of her people, for she was pitted against a foe beyond the strength of her mind or body.,fs,17,477
Bag End Porter,dwarvesâ€™ tongues run on when speaking of their handiwork they say ," dwarves tongues run on when speaking of their handiwork, they say.",fs,17,566
Erebor Flamesmith,we make good armor and keen swords but we cannot again make mail or blade to match those that our fathers made before the dragon came ," we make good armour and keen swords, but we cannot again make mail or blade to match those that were made before the dragon came.",fs,17,592
Elven Chorus,a elbereth gilthoniel silivren penna mÃ­riel o menel aglar elenath," a elbereth gilthoniel, silivren penna mnriel o menel aglar elenath!",fs,17,1042
Frodo Baggins,few have ever come hither through greater peril or on an errand more urgent , few have ever come hither through greater peril or on an errand more urgent.,fs,18,51
Mines of Moria,moria moria wonder of the northern world , wonder of the northern world!,fs,18,90
Isildur's Fateful Strike,isildur cut the ring from sauronâ€™s hand with the hiltshard of his fatherâ€™s sword and sauron himself was overthrown," i beheld the last combat on the slopes of orodruin, where gil-galad died, and elendil fell, and narsil broke beneath him; but sauron himself was overthrown, and isildur cut the ring from his hand with the hilt-shard of his fathers sword, and took it for his own.",fs,18,230
Lost to Legend,in the days of isildur the ruling ring passed out of all knowledge ," for in the days of isildur the ruling ring passed out of all knowledge, and the three were released from its dominion.",fs,18,323
Fiery Inscription,ash nazg durbatulÃ»k ash nazg gimbatul ash nazg thrakatulÃ»k agh burzumishi krimpatul," that i have done, and this i have read: ash nazg durbatulyk, ush nazg gimbatul, ash nazg thrakatulyk agh burzum-ishi krimpatul.",fs,18,826
The Torment of Gollum,in mordor all that he knew was forced from him," he was loth to speak and his tale was unclear, but it is beyond all doubt that he went to mordor, and there all that he knew was forced from him.",fs,18,854
Deceive the Messenger,tell gandalf that he must seek my aid at once ," ""and he told me to say that if you feel the need, he will help; but you must seek his aid at once, or it will be too late."" and that message brought me hope.",fs,18,988
Saruman the White,sauronâ€™s victory is at hand and there will be rich reward for those who aided it, its victory is at hand; and there will be rich reward for those that aided it.,fs,18,1115
Saruman's Trickery,i gave you the chance of aiding me willingly ," ""i did not expect you to show wisdom, even in your own behalf; but i gave you the chance of aiding me willingly, and so saving yourself much trouble and pain.",fs,18,1156
Isolation at Orthanc,they took me and set me on the pinnacle of orthanc i stood alone on an island in the clouds i had no chance of escape and my days were bitter and cold ," i stood alone on an island in the clouds; and i had no chance of escape, and my days were bitter.",fs,18,1178
Escape from Orthanc,how far can you bear me asked gandalf many leagues said gwaihir but not to the ends of the earth i was sent to bear tidings not burdens," gandalf asked me to come and see if you were ready to come down, and i thought he was joking.",fs,18,1234
Display of Power,the nazgÃ»l closed round at night and i was besieged such light and flame cannot have been seen on weathertop since the warbeacons of old , i was hard put to it indeed: such light and flame cannot have been seen on weathertop since the war-beacons of old.,fs,18,1377
Council's Deliberation,i will take the ring to mordor though i do not know the way , i will not take the ring to wield it.,fs,18,1720
"Elrond, Lord of Rivendell",this is the hour of the shirefolk when they arise from their quiet fields to shake the towers and counsels of the great who of all the wise could have foreseen it," this is the hour of the shire-folk, when they arise from their quiet fields to shake the towers and counsels of the great.",fs,18,1725
Dunland Crebain,whatâ€™s that strider it donâ€™t look like a cloud , i should like a look at that ball.,fs,19,704
Barad-dÃ»r,those who pass the gates of baraddÃ»r do not return , those who pass the gates of barad-dyr do not return.,fs,20,108
Snarling Warg,a shuddering howl broke from him as if he were a captain summoning his pack to the assault," a shuddering howl broke from him, as if he were a captain summoning his pack to the assault.",fs,20,219
Doors of Durin,speak friend and enter,speak friend and enter,fs,20,579
Stern Scolding,fool of a took this is a serious journey not a hobbit walkingparty throw yourself in next time and then you will be no further nuisance now be quiet," throw yourself in next time, and then you will be no further nuisance.",fs,20,974
Mirrormere Guardian,but still the sunken stars appear in dark and windless mirrormere there lies his crown in water deep till durin wakes again from sleep ," but still the sunken stars appear in dark and windless mirrormere; there lies his crown in water deep, till durin wakes again from sleep.",fs,20,1175
Battle-Scarred Goblin,an orc shot balin from behind a stone we slew the orc but many more came ," he went alone to look in mirror mere, an ore shot him from behind a stone, we slew the ore, hut many more ...up from east up the silverlode.",fs,21,76
Moria Marauder,there was a rush of hoarse laughter like the fall of sliding stones into a pit amid the clamor a deep voice was raised in command," there was a rush of hoarse laughter, like the fall of sliding stones into a pit; amid the clamour a deep voice was raised in command.",fs,21,163
Troll of Khazad-dÃ»m,a great cavetroll i think there is no hope of escape that way , there is no hope of escape that way.,fs,21,177
Hobbit's Sting,one for the shire cried aragorn the hobbitâ€™s bite is deep you have a good blade frodo son of drogo," you have a good blade, frodo son of drogo !",fs,21,214
Rush the Room,there was a hornblast and a rush of feet and orcs one after another leaped into the chamber," there was a horn-blast and a rush of feet, and ores one after another leaped into the chamber.",fs,21,220
Goblin Fireleaper,let us hope that fire now lies between us and pursuit come there is no time to lose , let us hope that the fire now lies between us and pursuit.,fs,21,429
You Cannot Pass!,it raised the whip and the thongs whined and cracked fire came from its nostrils but gandalf stood firm," it raised the whip, and the thongs whined and cracked.",fs,21,520
Flame of Anor,there was a ringing clash and a stab of white fire and the balrog fell back, there was a ringing clash and a stab of white fire.,fs,21,538
Lash of the Balrog,even as the balrog fell it swung its whip and the thongs lashed and curled about gandalfâ€™s knees dragging him to the brink of the abyss fly you fools he cried and was gone," but even as it fell it swung its whip, and the thongs lashed and curled about the wizards knees, dragging him to the brink.",fs,21,564
LothlÃ³rien Lookout,that was the custom of the elves of lÃ³rien to dwell in the trees therefore they were called galadhrim the treepeople ," therefore they were called the galadhrim, the tree -people.",fs,22,481
Nimrodel Watcher,but there are some of us still who go abroad for the gathering of news and the watching of our enemies ," but there are some of us still who go abroad for the gathering of news and the watching of our enemies, and they speak the languages of other lands.",fs,22,580
Galadhrim Guide,i shall lead you well and the paths are smooth and straight," i shall lead you well, and the paths are smooth and straight.",fs,22,857
LÃ³rien Revealed,look on us now with friendly eyes behold the trees of the naith of lÃ³rien and be glad ," look and be glad, for you are the first dwarf to behold the trees of the naith of lurien since durins day!",fs,22,971
Celeborn the Wise,his eyes were keen as lances in starlight and yet profound the wells of deep memory," they were clad wholly in white; and the hair of the lady was of deep gold, and the hair of the lord celeborn was of silver long and bright; but no sign of age was upon them, unless it were in the depths of their eyes; for these were keen as lances in the starlight, and yet profound, the wells of deep memory.",fs,23,92
"The Balrog, Flame of UdÃ»n",an evil of the ancient world both a shadow and a flame," an evil of the ancient world it seemed, such as i have never seen before, said aragorn.",fs,23,897
Mirror of Galadriel,your quest stands upon the edge of a knife stray but a little and it will fail to the ruin of all yet hope remains while all the company is true, but this i will say to you: your quest stands upon the edge of a knife.,fs,23,221
Dreadful as the Storm,i shall not be dark but beautiful and terrible as the morning and the night all shall love me and despair," and i shall not be dark, but beautiful and terrible as the morning and the night!",fs,23,688
Galadriel of LothlÃ³rien,i pass the test i will diminish and go into the west and remain galadriel," i will diminish, and go into the west and remain galadriel.",fs,23,702
Gift of Strands,none have ever made to me a request so bold and yet so courteous , for none have ever made to me a request so bold and yet so courteous.,fs,24,509
Phial of Galadriel,may it be a light to you in dark places when all other lights go out," may it be a light to you in dark places, when all other lights go out.",fs,24,530
Breaking of the Fellowship,it might have been mine it should be mine give it to me, it might have been mine.,fs,26,258
"Sauron, the Lidless Eye",there is an eye in the dark tower that does not sleep, there was an eye in the dark tower that did not sleep.,fs,26,354
Bitter Downfall,i tried to take the ring from frodo i am sorry i have paid ," â€˜i tried to take the ring from frodo, he said.",tt,1,68
"Boromir, Warden of the Tower",farewell aragorn go to minas tirith and save my people, go to minas tirith and save my people!,tt,1,75
Trailblazer's Boots,not idly do the leaves of lÃ³rien fall ," â€˜not idly do the leaves of lorien fall, said aragorn.",tt,2,248
Lembas,they could eat of it and find new strength even as they ran," often in their hearts they thanked the lady of lorien for the gift of lembas , for they could eat of it and find new strength even as they ran.",tt,2,439
East-Mark Cavalier,the rohirrim have long been the friends of the people of gondor though they are not akin to them ," they have long been the friends of the people of gondor, though they are not akin to them.",tt,2,694
Knight of the Keep,now the cries of clear strong voices came ringing over the fields they rode in a long line of mailclad men swift shining fell and fair to look upon suddenly they swept up with a noise like thunder and the foremost horseman swerved, now the cries of clear strong voices came ringing over the fields.,tt,2,715
Westfold Rider,the orcs were greater in number than we counted on great orcs who also bore the white hand of isengard , for the ores were greater in number than we counted on.,tt,2,1152
UglÃºk of the White Hand,i am uglÃºk i command i return to isengard by the shortest road, i return to isengard by the shortest road.,tt,3,152
"MauhÃºr, Uruk-hai Captain",we are the servants of saruman the wise the white hand the hand that gives us manâ€™sflesh to eat," we are the servants of saruman the wise, the white hand: the hand that gives us mans-flesh to eat.",tt,3,174
"Fangorn, Tree Shepherd",i am an ent fangorn is my name according to some treebeard others make it," fangorn is my name according to some, treebeard others make it.",tt,4,208
Ent-Draught Basin,the effect of the draught began at the toes and rose steadily through every limb bringing refreshment and vigor as it coursed upward right to the tips of the hair," the effect of the draught began at the toes, and rose steadily through every limb, bringing refreshment and vigour as it coursed upwards, right to the tips of the hair.",tt,4,702
"Quickbeam, Upstart Ent",it is only a nickname of course they have called me that ever since i said yes to an elder ent before he had finished his question, they have called me that ever since i said yes to an elder ent before he had finished his question.,tt,4,1525
Ent's Fury,i came and called the trees by their long names but they did not hear or answer ," i came and called them by their long names, but they did not quiver, they did not hear or answer: they lay dead.",tt,4,1580
Last March of the Ents,to isengard with doom we come with doom we come with doom we come," with doom we come, with doom we come!",tt,4,1697
Elven Farsight,few can foresee whither their road will lead them till they come to its end ," few can foresee whither their road will lead them, till they come to its end.",tt,5,289
"Gandalf, White Rider",he has passed through the fire and the abyss and the enemy shall fear him," he has passed through the fire and the abyss, and they shall fear him.",tt,5,915
Esquire of the King,where now the horse and the rider where is the horn that was blowing where is the helm and the hauberk and the bright hair flowing ," where is the helm and the hauberk, and the bright hair flowing?",tt,6,139
"ThÃ©oden, King of Rohan",dark have been my dreams of late but i feel newawakened i only fear that already you have come too late gandalf," for i fear that already you have come too late, only to see the last days of my house.",tt,6,687
Rohirrim Lancer,dire deeds awake dark is it eastward let horse be bridled horn be sounded ," dire deeds awake, dark is it eastward.",tt,6,806
Quarrel's End,it is a joy to us to see you return into your own , â€˜it is a joy to us to see you return into your own.,tt,6,827
GrÃ­ma Wormtongue,do not weary yourself or tax too heavily your strength let others deal with these irksome guests," but do not weary yourself, or tax too heavily your strength.",tt,6,910
Banish from Edoras,wormtongue bared his teeth and then with a hissing breath he spat before the kingâ€™s feet," he bared his teeth; and then with a hissing breath he spat before the kings feet, and darting to one side, he fled down the stair.",tt,6,1027
Shower of Arrows,i wish there were more of your kin among us gimli but even more would i give for a hundred good archers of mirkwood we shall need them , but even more would i give for a hun- dred good archers of mirkwood.,tt,7,408
Gimli's Fury,two said gimli patting his axe," said gimli, patting his axe.",tt,7,600
"Legolas, Counter of Kills",two said legolas i make my tale twenty at the least, yet i make my tale twenty at the least.,tt,7,605
Relentless Rohirrim,the orcs are in the deep helm helm forth helmingas , forth helmingas!,,7,656
"Gimli, Counter of Kills",twentyone cried gimli he hewed a two handed stroke and laid the last orc before his feet now my count passes master legolas, he hewed a two-handed stroke and laid the last ore before his feet.,tt,7,667
Uruk-hai Berserker,what of the dawn we are the urukhai we do not stop the fight for night or day for fair weather or for storm we come to kill by sun or moon what of the dawn," we are the uruk-hai: we do not stop the fight for night or day, for fair weather or for storm.",tt,7,944
Fire of Orthanc,the barricade was scattered as if by a thunderbolt, the barricade was scattered as if by a thunderbolt.,tt,7,976
Rally at the Hornburg,with a cry and a great noise they charged down from the gates they roared over the causeway they swept and they drove through the hosts of isengard as a wind among grass," down from the gates they roared, over the causeway they swept, and they drove through the hosts of isengard as a wind among grass.",tt,7,1007
Rising of the Day,over the low hills the horns were sounding hastening down the long slopes were a thousand men on foot their swords were in their hands," behind him, hastening down the long slopes, were a thousand men on foot; their swords were in their hands.",tt,7,1053
"Erkenbrand, Lord of Westfold",down from the hills leaped erkenbrand lord of westfold and the hosts of isengard roared in fear," down from the hills leaped erkenbrand, lord of westfold.",tt,7,1079
Friendly Rivalry,fortytwo master legolas ,"orty-two, master legolas!",tt,8,22
Storm of Saruman,isengard had once been filled with fruitful trees but no green thing grew there in the latter days of saruman, but no green thing grew there in the latter days of saruman.,tt,8,776
Enraged Huorn,they stand watching endlessly over the trees it is difficult to see them moving but they can move very quickly if they are angry ," they can move very quickly, if they are angry.",tt,9,384
Gandalf's Sanction,there was a crack and the staff split asunder in sarumanâ€™s hand and the head of it fell down at gandalfâ€™s feet," there was a crack, and the staff split asunder in saruman s hand, and the head of it fell down at gandalfs feet.",tt,10,532
Mordor Muster,orcs thousands of orcses nice hobbits mustnâ€™t go to those places , nice hobbits mustnt go to - sss - those places.,tt,12,894
Hithlain Knots,if you will try to run away you must be tied but we donâ€™t wish to hurt you ," â€˜if you will try to run away, you must be tied; but we dont wish to hurt you.",tt,12,1014
Haunt of the Dead Marshes,you should not look in when the candles are lit , â€˜you should not look in when the candles are lit.,tt,13,520
Stew the Coneys,stew the rabbits squealed gollum in dismay spoil beautiful meat smÃ©agol saved saved for you poor hungry smÃ©agol what for," â€˜spoil beautiful meat smeagol saved for you, poor hungry smeagol!",tt,15,391
Rangers of Ithilien,we have a new errand on this journey to ambush the men of harad, but we have a new errand on this journey: we come to ambush the men of harad.,tt,15,762
Minas Tirith,i would see the white tree in flower again in the courts of the kings and minas tirith in peace ," â€˜for myself, said faramir, â€˜i would see the white tree in 878 the two towers flower again in the courts of the kings, and the silver crown return, and minas tirith in peace: minas anor again as of old, full of light, high and fair, beautiful as a queen among other queens: not a mistress of many slaves, nay, not even a land mistress of willing slaves.",tt,16,608
"Faramir, Field Commander",a chance for faramir captain of gondor to show his quality," a chance for faramir, captain of gondor, to show his quality!",tt,16,1216
Brandywine Farmer,your land must be a realm of peace and content and there must gardeners be in high honor ," your land must be a realm of peace and content, and there must gardeners be in high honour.",tt,16,1266
"Gollum, Patient Plotter",theyâ€™ll take it steal my precious thieves we hates them,"nasty men, theyll take it, steal my precious.",tt,17,267
Soothing of SmÃ©agol,frodoâ€™s heart sank this was too much like trickery and certainly what he did would seem a treachery to the poor treacherous creature," he did not really fear that faramir would allow gollum to be killed, but he would probably make him prisoner and bind him; and cer- tainly what frodo did would seem a treachery to the poor treacherous creature.",tt,17,347
"Frodo, Determined Hero",frodoâ€™s heart flamed within him he drew his sword and advanced, he drew his sword and tightened his belt.,tt,20,289
Mirkwood Spider,far and wide shelobâ€™s lesser broods spread from glen to glen to dol guldur and the fastnesses of mirkwood," far and wide her lesser broods, bastards of the miserable mates, her own offspring, that she slew, spread shelobs lair 947 from glen to glen, from the ephel duath to the eastern hills, to dol guldur and the fastnesses of mirkwood.",tt,20,453
Samwise the Stouthearted,youâ€™ve hurt my master you brute and youâ€™ll pay for it," â€˜youve hurt my master, you brute, and youll pay for it.",tt,21,123
Shelob's Ambush,as frodo ran forward eager rejoicing to be free shelob with hideous speed came behind and stung him in the neck," as he had run forward, eager, rejoicing to be free, shelob with hideous speed had come behind and with one swift stroke had stung him in the neck.",tt,21,165
Cirith Ungol Patrol,spies feared on stairs double vigilance patrol to head of stairs , patrol to head of stairs.,tt,21,672
Sam's Desperate Rescue,by all the signs thereâ€™s a large warrior loose with an elfsword and an axe as well maybe gorbag spat sam smiled grimly at this description of himself, sam smiled grimly at this description of himself.,tt,21,757
"Pippin, Guard of the Citadel",here do i swear fealty to gondor until my lord release me or death take me," the old man laid the sword along his lap, and pippin put his hand to the hilt, and said slowly after denethor: here do i swear fealty and service to gondor, and to the lord and steward of the realm, to speak and to be silent, to do and to let be, to come and to go, in need or plenty, in peace or war, in living or dying, from this hour henceforth, until my lord release me, or death take me, or the world end.",rk,1,512
Captain of Umbar,there is a great fleet drawing near to the mouths of anduin manned by the corsairs of umbar in the south they have long ceased to fear the might of gondor ," there is a great fleet drawing near to the mouths of anduin, manned by the corsairs of umbar in the south.",rk,1,996
Knights of Dol Amroth,and so the companies came and were hailed and cheered and passed through the gate," and so the companies came and were hailed and cheered and passed through the gate, men of the outlands marching to defend the city of gondor in a dark hour; but always too few, always less than hope looked for or need asked.",rk,1,1289
DÃºnedain Rangers,aragorn has need of his kindred let the dÃºnedain go to him in rohan," word came to rivendell, they say: aragorn has need of his kindred.",rk,2,196
Press the Enemy,i showed the blade reforged to him he is not so mighty yet that he is above fear," he is not so mighty yet that he is above fear; nay, doubt ever gnaws him.",rk,2,431
Soldier of the Grey Host,the dead awaken for the hour is come for the oathbreakers , the dead awaken; for the hour is come for the oathbreakers ; at the stone of erech they shall stand again and hear there a horn in the hills ringing.,rk,2,478
Stone of Erech,at the stone of erech they shall stand again and hear there a horn in the hills ringing , the dead awaken; for the hour is come for the oathbreakers ; at the stone of erech they shall stand again and hear there a horn in the hills ringing.,rk,2,478
Shadow Summoning,whose shall the horn be who shall call them from the grey twilight the forgotten people the heir of him to whom the oath they swore , the heir of him to whom the oath they swore.,rk,2,483
Rivendell,were i to go where my heart dwells i would now be wandering in the fair valley of rivendell ," were i to go where my heart dwells, far in the north i would now be wandering in the fair valley of rivendell.",rk,2,622
"Ã‰owyn, Fearless Knight",am i not of the house of eorl i have waited on faltering feet long enough, i have waited on faltering feet long enough.,rk,2,634
Errand-Rider of Gondor,gondor is in great need lord denethor asks for all your strength and all your speed lest gondor fall at last," often the rohirrim have aided us, but now the lord denethor asks for all your strength and all your speed; lest gondor fall at last.",rk,3,426
Haradrim Spearmaster,in the south the haradrim are moving and fear has fallen on all our coastlands ," in the south the haradrim are moving, and fear has fallen on all our coastlands, so that little help will come to us thence.",rk,3,458
Stalwarts of Osgiliath,the enemy must pay dearly for the crossing of the river , and the enemy must pay dearly for the crossing of the river.,rk,4,572
"Denethor, Ruling Steward",much must be risked in war," much must be risked in war, said denethor.",rk,4,591
Protector of Gondor,orcs were digging deep trenches in a huge ring just out of bowshot of the walls while the men of minas tirith looked on unable to hinder them," all day the labour went forward, while the men of minas tirith looked on, unable to hinder it.",rk,4,900
Rise of the Witch-king,in rode the lord of the nazgÃ»l under the archway that no enemy ever yet had passed and all fled before his face," in rode the lord of the nazgyl, under the archway that no enemy ever yet had passed, and all fled before his face.",rk,4,1255
Wose Pathfinder,road is forgotten but not by wild folk over hill and behind hill it lies still under grass and tree wild folk will show you that road," over hill and behind hill it lies still under grass and tree, there behind rimmon and down to don, and back at the end to horse-mens road.",rk,5,162
"Ã‰omer, Marshal of Rohan",need brooks no delay yet late is better than never," need brooks no delay, yet late is better than never, said jomer.",rk,5,324
"Merry, Esquire of Rohan",then suddenly merry felt it at last beyond doubt a change wind was in his face," then suddenly merry felt it at last, beyond doubt: a change.",rk,5,429
"Witch-king, Bringer of Ruin",no living man may hinder me, no living man may hinder me!,rk,6,115
Smite the Deathless,no living man am i, but no living man am i!,rk,6,119
Ã‰omer of the Riddermark,but northward the white crest of Ã©omer led the great front of the rohirrim which he had again gathered and marshaled," but northward the white crest of jomer led the great front of the rohirrim which he had again gathered and marshalled; and out of the city came all the strength of men that was in it, and the silver swan of dol amroth was borne in the van, driving the enemy from the gate.",rk,6,233
Goblin Assailant,the fighting waxed furious on the fields of the pelennor and the din of arms rose upon high with the crying of men and the neighing of horses but the hosts of mordor were enheartened and filled with a new fury they came yelling to the onset," and now the fighting waxed furious on the fields of the pelennor; and the din of arms rose upon high, with the crying of men and the neighing of horses.",rk,6,367
Pelargir Survivor,the corsairs are upon us back to the walls back to the city before all are overwhelmed, come back to the city before all are overwhelmed!,rk,6,418
Ioreth of the Healing House,i have been too busy with this and that to heed all the crying and shouting all i hope is that those murdering devils do not come to this house and trouble the sick, all i hope is that those murdering devils do not come to this house and trouble the sick.,rk,8,156
The Black Breath,when the black breath blows deathâ€™s shadow grows ," when the black breath blows and deaths shadow grows and all lights pass, come athelas!",rk,8,385
The Shire,you must start somewhere and have some roots and the soil of the shire is deep ," it is best to love first what you are fitted to love, i suppose: you must start somewhere and have some roots, and the soil of the shire is deep.",rk,8,683
Borne Upon a Wind,i looked on aragorn and thought how great and terrible a lord he might have become had he taken the ring for himself not for naught does mordor fear him ," in that hour i looked on aragorn and thought how great and terrible a lord he might have become in the strength of his will, had he taken the ring to himself.",rk,9,256
Prince Imrahil the Fair,the lord aragorn i hold to be my liege lord whether he claim it or no his wish is to me a command," i will go- as for me, said imrahil,the lord aragorn i hold to be my liege-lord, whether he claim it or no.",rk,9,483
"Now for Wrath, Now for Ruin!",the captains of the west came at last to challenge the black gate and the might of mordor," and so, since many men had already been left at the cross-roads, it was with less than six thousands that the captains of the west came at last to challenge the black gate and the might of mordor.",rk,10,198
Sauron's Ransom,he was dear to you i see and now he shall endure the slow torment of years," and now he shall endure the slow torment of years, as long and slow as our arts in the great tower can contrive, and never be released, unless maybe when he is changed and broken, so that he may come to you, and you shall see what you have done.",rk,10,367
Warbeast of Gorgoroth,drums rolled fires leaped and great engines drawn by beasts crawled across the field, drums rolled and fires leaped up.,rk,10,431
Easterling Vanguard,an army of easterlings charged forth while from the hills poured orcs innumerable, down from the hills on either side of the morannon poured ores innumerable.,rk,10,439
March from the Black Gate,like a storm they broke upon the line of the men of gondor," like a storm they broke upon the line of the men of gondor, and beat upon helm and head, and arm and shield as smiths hewing the hot bending iron.",rk,10,497
Pippin's Bravery,pippin stabbed upwards and the written blade of westernesse pierced through the hide and went deep into the vitals of the troll," then pippin stabbed upwards, and the written blade of westernesse pierced through the hide and went deep into the vitals of the troll, and his black blood came gushing out.",rk,10,504
Call of the Ring,the ring is mine, the ring is mine,rk,13,677
Shadow of the Enemy,as frodo put on the ring sauron was suddenly aware of the magnitude of his own folly his wrath blazed in consuming flame but his fear rose like black smoke," then his wrath blazed in consuming flame, but his fear rose like a vast black smoke to choke him.",rk,13,693
Cast into the Fire,but for gollum i could not have destroyed the ring so let us forgive him for the quest is achieved and now all is over ," but for him, sam, i could not have destroyed the ring.",rk,13,777
Gwaihir the Windlord,there came gwaihir the windlord greatest of all the eagles of the north mightiest of the descendants of old thorondor," there came gwaihir the windlord, and landroval his brother, greatest of all the eagles of the north, mightiest of the descendants of old thorondor, who built his eyries in the inaccessible peaks of the encircling mountains when middle-earth was young.",rk,14,28
"Meneldor, Swift Savior",then come we have need of speed greater than any wind outmatching the wings of the nazgÃ»l ," for we have need of speed greater than any wind, outmatching the wings of the nazgyl.",rk,14,108
"Landroval, Horizon Witness",he passed over udÃ»n and gorgoroth and saw all the land in ruin and tumult beneath him and before him mount doom blazing pouring out its fire," and they passed over udyn and gorgoroth and saw all the land in ruin and tumult beneath them, and before them mount doom blazing, pouring out its fire.",rk,14,116
Lost Isle Calling,to the sea to the sea, to the sea!,rk,14,478
Ithilien Kingfisher,after their reunion the hobbits spent many days in ithilien the stream that flowed from the falls of henneth annÃ»n could be heard in the night as it rushed down through its rocky gate," for the field of cormallen, where the host was now encamped was near to henneth annyn, and the stream that flowed from its falls could be heard in the night as it rushed down through its rocky gate, and passed through the flowery meads into the tides of anduin by the isle of cair andros.",rk,14,515
Reprieve,as faramir and Ã©owyn stood so their hands met and clasped though they did not know it," and as they stood so, their hands met and clasped, though they did not know it.",rk,15,243
"Faramir, Prince of Ithilien",the city was made more fair than it had ever been even in the days of its first glory,,rk,15,584
Flowering of the White Tree,aragorn planted the new tree in the court by the fountain and swiftly and gladly it began to grow," and aragorn planted the new tree in the court by the fountain, and swiftly and gladly it began to grow; and when the month of june entered in it was laden with blossom.",rk,15,777
"Aragorn and Arwen, Wed",aragorn the king elessar wedded arwen undÃ³miel and the tale of their long waiting and labors came to fulfillment," and aragorn the king elessar wedded arwen undumiel in the city of the kings upon the day of midsummer, and the tale of their long waiting and labours was come to fulfilment.",rk,15,819
Many Partings,for you in all the lands of the west there will ever be a welcome dearest friend ," well, dearest friend, the tree grows best in the land of its sires; but for you in all the lands of the west there will ever be a welcome.",rk,16,15
Arwen's Gift,wear this now in memory of elfstone and evenstar with whom your life has been woven, but wear this now in memory of elfstone and evenstar with whom your life has been woven!,rk,16,53
Horn of the Mark,he that blows this horn shall set fear in the hearts of his enemies and joy in the hearts of his friends ," he that blows it at need shall set fear in the hearts of his enemies and joy in the hearts of his friends, and they shall hear him and come to him.",rk,16,251
Entish Restoration,welcome to the treegarth of orthanc, welcome to the treegarth of orthanc!,rk,16,281
"Lotho, Corrupt Shirriff",whatever is wrong in the shire lotho will be at the bottom of it you can be sure of that ," theres a general shortage of pipe- weed.' whatever it is, said pippin,fotho will be at the bottom of it: you can be sure of that.",rk,17,380
Shire Shirriff,youâ€™re arrested for gatebreaking and tearing up of rules and trespassing and bribing guards with food," baggins, said the leader of the shirriffs, a two-feather hobbit:youre arrested for gate-breaking, and tearing up of rules, and assaulting gate-keepers, and trespassing, and sleeping in shire-buildings without feave, and bribing guards with food.",rk,18,185
DÃºnedain Blade,the sword glinted in the westering sun, the sword glinted in the westering sun.,rk,18,448
Nimble Hobbit,the ruffian knew too little of hobbits to understand his peril foolishly he decided to fight, he knew too little of hobbits to understand his peril.,rk,18,757
Took Reaper,the tooks came a hundred strong from tuckborough and the green hills," before long they marched in, a hundred strong, from tuckborough and the green hills with pippin at their head.",rk,18,964
The Battle of Bywater,the tooks marched in with pippin at their head merry now had enough sturdy hobbitry to deal with the ruffians, merry now had enough sturdy hobbitry to deal with the ruffians.,rk,18,965
Spiteful Banditry,one ill turn deserves another ," one ill turn deserves another."" it would have been a sharper lesson, if only you had given me a little more time and more men.",rk ,18,1173
Nasty End,and thatâ€™s the end of that a nasty end for saruman and i wish i neednâ€™t have seen it but itâ€™s a good riddance ," a nasty end, and i wish i neednt have seen it; but its a good riddance.' and the very last end of the war, i hope, said merry.",rk,18,1278
Revive the Shire,in the party field a beautiful young sapling leaped up it was indeed a mallorn and it was the wonder of the neighborhood, in the party field a beautiful young sapling leaped up: it had silver bark and long leaves and burst into golden flowers in april.,rk,19,129
Glorious Gale,the elves of lÃ³rien took dol guldur galadriel threw down its walls and laid bare its pits and the forest was cleansed," down the ladder they climbed, and then sam took it and laid it in the passage beside the huddled body of the fallen ore.",rk,20,931
Elanor Gardner,her father samwise gave her the red book for safekeeping before he sailed into the west," he fell silent, gazing north and west into the gathering night for a long while.",rk ,21,1000
Elvish Mariner,in the days of the kings most of the high elves dwelt with cÃ­rdan or in the seaward lands of lindon," you are speaking to the kings friend, and one of the most renowned in all the lands of the west.",rk,18,444
,,,,,
,,,,,
